-- --------------------------------------------------------
-- 호스트:                          erpgo.co.kr
-- 서버 버전:                        10.2.8-MariaDB - MariaDB Server
-- 서버 OS:                        Linux
-- HeidiSQL 버전:                  9.4.0.5125
-- --------------------------------------------------------

/*!40101 SET @OLD_CHARACTER_SET_CLIENT=@@CHARACTER_SET_CLIENT */;
/*!40101 SET NAMES utf8 */;
/*!50503 SET NAMES utf8mb4 */;
/*!40014 SET @OLD_FOREIGN_KEY_CHECKS=@@FOREIGN_KEY_CHECKS, FOREIGN_KEY_CHECKS=0 */;
/*!40101 SET @OLD_SQL_MODE=@@SQL_MODE, SQL_MODE='NO_AUTO_VALUE_ON_ZERO' */;

-- 테이블 iot.board_info 구조 내보내기
CREATE TABLE IF NOT EXISTS `board_info` (
  `boardnum` int(5) NOT NULL AUTO_INCREMENT,
  `boardtitle` varchar(255) NOT NULL,
  `boardcontent` text NOT NULL,
  `boardpwd` varchar(100) NOT NULL,
  `boardwriter` varchar(100) NOT NULL,
  `boarddate` datetime NOT NULL,
  PRIMARY KEY (`boardnum`)
) ENGINE=InnoDB AUTO_INCREMENT=14 DEFAULT CHARSET=utf8;

-- 테이블 데이터 iot.board_info:~11 rows (대략적) 내보내기
DELETE FROM `board_info`;
/*!40000 ALTER TABLE `board_info` DISABLE KEYS */;
INSERT INTO `board_info` (`boardnum`, `boardtitle`, `boardcontent`, `boardpwd`, `boardwriter`, `boarddate`) VALUES
	(2, '김덩개', '바보 ㅋㅋ', 'rhEhd', '고똥', '2017-07-24 18:30:36'),
	(3, 'ㅇㅇ', 'ㅇㅇ', 'dd', 'ㅇㅇ', '2017-07-26 11:26:32'),
	(4, 'ㅇㅇ', 'ㅇㅇ', 'dd', 'ㅇㅇ', '2017-07-26 11:30:09'),
	(5, 'ㅇㄷ', 'ㄷㄷ', 'ee', 'ㅇㅇㄷㄷ', '2017-07-26 11:30:16'),
	(6, 'ㅗㅗ', 'ㅗㅗ', 'hh', 'ㅗㅗ', '2017-07-26 11:56:28'),
	(7, 'ㅗㅗ', 'ㅗㅗㅓ', '', 'ㅗㅗ', '2017-07-26 11:57:03'),
	(8, 'dwq', 'gwe', 'qw', 'tew', '2017-07-26 12:03:02'),
	(9, 'jyt', 'jtyjt', 'jry', 'gert', '2017-07-26 12:03:15'),
	(10, '언니바버', '캬캬캬캬캬', '1234', '고똥', '2017-07-26 14:17:27'),
	(12, '고똥 바보', '바보바보', '1256', '하하', '2017-07-28 15:48:58'),
	(13, '구구까까', '배고팡', 'rhEhd', '고똥', '2017-07-28 16:43:19');
/*!40000 ALTER TABLE `board_info` ENABLE KEYS */;

-- 테이블 iot.cal 구조 내보내기
CREATE TABLE IF NOT EXISTS `cal` (
  `calumn` int(11) NOT NULL AUTO_INCREMENT,
  `num1` int(11) NOT NULL,
  `op` char(1) NOT NULL,
  `num2` int(11) NOT NULL,
  `result` int(11) NOT NULL,
  PRIMARY KEY (`calumn`)
) ENGINE=InnoDB AUTO_INCREMENT=11 DEFAULT CHARSET=utf8;

-- 테이블 데이터 iot.cal:~9 rows (대략적) 내보내기
DELETE FROM `cal`;
/*!40000 ALTER TABLE `cal` DISABLE KEYS */;
INSERT INTO `cal` (`calumn`, `num1`, `op`, `num2`, `result`) VALUES
	(2, 324, '-', 534, -210),
	(3, 327, '+', 2, 329),
	(4, 327, '+', 2, 329),
	(5, 76, '+', 22, 98),
	(6, 76, '+', 22, 98),
	(7, 51, '+', 5, 56),
	(8, 51, '+', 5, 56),
	(9, 6, '+', 6, 12),
	(10, 145, '*', 43, 6235);
/*!40000 ALTER TABLE `cal` ENABLE KEYS */;

-- 테이블 iot.db_info 구조 내보내기
CREATE TABLE IF NOT EXISTS `db_info` (
  `dinum` int(5) NOT NULL AUTO_INCREMENT,
  `uinum` int(11) NOT NULL,
  `dbtitle` varchar(100) NOT NULL,
  `dburl` varchar(100) NOT NULL,
  `dbms` varchar(100) DEFAULT '',
  `id` varchar(100) NOT NULL,
  `pwd` varchar(100) NOT NULL,
  `port` char(4) NOT NULL,
  `drivername` varchar(100) NOT NULL DEFAULT 'org.mariadb.jdbc.Driver',
  PRIMARY KEY (`dinum`)
) ENGINE=InnoDB AUTO_INCREMENT=2 DEFAULT CHARSET=utf8;

-- 테이블 데이터 iot.db_info:~0 rows (대략적) 내보내기
DELETE FROM `db_info`;
/*!40000 ALTER TABLE `db_info` DISABLE KEYS */;
INSERT INTO `db_info` (`dinum`, `uinum`, `dbtitle`, `dburl`, `dbms`, `id`, `pwd`, `port`, `drivername`) VALUES
	(1, 8, 'iot', 'jdbc:mysql://127.0.0.1', 'iot', 'root', 'gp02fu3369!', '3306', 'org.mariadb.jdbc.Driver');
/*!40000 ALTER TABLE `db_info` ENABLE KEYS */;

-- 테이블 iot.goods_info 구조 내보내기
CREATE TABLE IF NOT EXISTS `goods_info` (
  `ginum` int(11) NOT NULL AUTO_INCREMENT,
  `giname` varchar(200) NOT NULL,
  `gidesc` varchar(300) NOT NULL,
  `vinum` int(11) NOT NULL,
  `gidate` varchar(10) DEFAULT NULL,
  `gitime` varchar(10) DEFAULT NULL,
  PRIMARY KEY (`ginum`)
) ENGINE=InnoDB AUTO_INCREMENT=1026 DEFAULT CHARSET=utf8;

-- 테이블 데이터 iot.goods_info:~1,008 rows (대략적) 내보내기
DELETE FROM `goods_info`;
/*!40000 ALTER TABLE `goods_info` DISABLE KEYS */;
INSERT INTO `goods_info` (`ginum`, `giname`, `gidesc`, `vinum`, `gidate`, `gitime`) VALUES
	(1, '박경훈사원5', '똑똑한일꾼7', 1, '2017-08-04', '11:07:33'),
	(2, '임혜진사장2', '똑똑한사장님', 3, '2017-08-04', '11:08:07'),
	(3, '김정규부장', '똑똑한부장', 1, '2017-08-04', '11:09:22'),
	(4, '우성씨', '키큰부장님', 3, '2017-08-04', '15:57:35'),
	(5, '신똥', '혼자사장', 2, '2017-08-04', '15:58:18'),
	(9, '아리가또', '고자이마스', 3, '2017-08-07', '12:47:44'),
	(12, 'test03frqe', 'test03', 2, '2017-08-07', '12:47:44'),
	(13, 'test04', 'test04', 1, '2017-08-07', '12:47:44'),
	(20, 'test15', 'test15', 5, '2017-08-07', '12:47:44'),
	(21, 'giname15', 'gidesc15', 1, '2017-08-07', '12:47:44'),
	(22, 'giname16', 'gidesc16', 1, '2017-08-07', '12:47:44'),
	(23, 'giname17', 'gidesc17', 1, '2017-08-07', '12:47:44'),
	(24, 'giname18', 'gidesc18', 1, '2017-08-07', '12:47:44'),
	(25, 'giname19', 'gidesc19', 1, '2017-08-07', '12:47:44'),
	(26, 'giname20', 'gidesc20', 1, '2017-08-07', '12:47:44'),
	(27, 'giname21', 'gidesc21', 1, '2017-08-07', '12:47:44'),
	(28, 'giname22', 'gidesc22', 1, '2017-08-07', '12:47:44'),
	(29, 'giname23', 'gidesc23', 1, '2017-08-07', '12:47:44'),
	(30, 'giname24', 'gidesc24', 1, '2017-08-07', '12:47:44'),
	(31, 'giname25', 'gidesc25', 1, '2017-08-07', '12:47:44'),
	(32, 'giname26', 'gidesc26', 1, '2017-08-07', '12:47:44'),
	(33, 'giname27', 'gidesc27', 1, '2017-08-07', '12:47:44'),
	(34, 'giname28', 'gidesc28', 1, '2017-08-07', '12:47:44'),
	(35, 'giname29', 'gidesc29', 1, '2017-08-07', '12:47:44'),
	(36, 'giname30', 'gidesc30', 1, '2017-08-07', '12:47:44'),
	(37, 'giname31', 'gidesc31', 1, '2017-08-07', '12:47:44'),
	(38, 'giname32', 'gidesc32', 1, '2017-08-07', '12:47:44'),
	(39, 'giname33', 'gidesc33', 1, '2017-08-07', '12:47:44'),
	(40, 'giname34', 'gidesc34', 1, '2017-08-07', '12:47:44'),
	(41, 'giname35', 'gidesc35', 1, '2017-08-07', '12:47:44'),
	(42, 'giname36', 'gidesc36', 1, '2017-08-07', '12:47:44'),
	(43, 'giname37', 'gidesc37', 1, '2017-08-07', '12:47:44'),
	(44, 'giname38', 'gidesc38', 1, '2017-08-07', '12:47:44'),
	(45, 'giname39', 'gidesc39', 1, '2017-08-07', '12:47:44'),
	(46, 'giname40', 'gidesc40', 1, '2017-08-07', '12:47:44'),
	(47, 'giname41', 'gidesc41', 1, '2017-08-07', '12:47:44'),
	(48, 'giname42', 'gidesc42', 1, '2017-08-07', '12:47:44'),
	(49, 'giname43', 'gidesc43', 1, '2017-08-07', '12:47:44'),
	(50, 'giname44', 'gidesc44', 1, '2017-08-07', '12:47:44'),
	(51, 'giname45', 'gidesc45', 1, '2017-08-07', '12:47:44'),
	(52, 'giname46', 'gidesc46', 1, '2017-08-07', '12:47:44'),
	(53, 'giname47', 'gidesc47', 1, '2017-08-07', '12:47:44'),
	(54, 'giname48', 'gidesc48', 1, '2017-08-07', '12:47:44'),
	(55, 'giname49', 'gidesc49', 1, '2017-08-07', '12:47:44'),
	(56, 'giname50', 'gidesc50', 1, '2017-08-07', '12:47:44'),
	(57, 'giname51', 'gidesc51', 1, '2017-08-07', '12:47:44'),
	(58, 'giname52', 'gidesc52', 1, '2017-08-07', '12:47:44'),
	(59, 'giname53', 'gidesc53', 1, '2017-08-07', '12:47:44'),
	(60, 'giname54', 'gidesc54', 1, '2017-08-07', '12:47:44'),
	(61, 'giname55', 'gidesc55', 1, '2017-08-07', '12:47:44'),
	(62, 'giname56', 'gidesc56', 1, '2017-08-07', '12:47:44'),
	(63, 'giname57', 'gidesc57', 1, '2017-08-07', '12:47:44'),
	(64, 'giname58', 'gidesc58', 1, '2017-08-07', '12:47:44'),
	(65, 'giname59', 'gidesc59', 1, '2017-08-07', '12:47:44'),
	(66, 'giname60', 'gidesc60', 1, '2017-08-07', '12:47:44'),
	(67, 'giname61', 'gidesc61', 1, '2017-08-07', '12:47:44'),
	(68, 'giname62', 'gidesc62', 1, '2017-08-07', '12:47:44'),
	(69, 'giname63', 'gidesc63', 1, '2017-08-07', '12:47:44'),
	(70, 'giname64', 'gidesc64', 1, '2017-08-07', '12:47:44'),
	(71, 'giname65', 'gidesc65', 1, '2017-08-07', '12:47:44'),
	(72, 'giname66', 'gidesc66', 1, '2017-08-07', '12:47:44'),
	(73, 'giname67', 'gidesc67', 1, '2017-08-07', '12:47:44'),
	(74, 'giname68', 'gidesc68', 1, '2017-08-07', '12:47:44'),
	(75, 'giname69', 'gidesc69', 1, '2017-08-07', '12:47:44'),
	(76, 'giname70', 'gidesc70', 1, '2017-08-07', '12:47:44'),
	(77, 'giname71', 'gidesc71', 1, '2017-08-07', '12:47:44'),
	(78, 'giname72', 'gidesc72', 1, '2017-08-07', '12:47:44'),
	(80, 'giname74', 'gidesc74', 1, '2017-08-07', '12:47:44'),
	(81, 'giname75', 'gidesc75', 1, '2017-08-07', '12:47:44'),
	(82, 'giname76', 'gidesc76', 1, '2017-08-07', '12:47:44'),
	(83, 'giname77', 'gidesc77', 1, '2017-08-07', '12:47:44'),
	(84, 'giname78', 'gidesc78', 1, '2017-08-07', '12:47:44'),
	(85, 'giname79', 'gidesc79', 1, '2017-08-07', '12:47:44'),
	(86, 'giname80', 'gidesc80', 1, '2017-08-07', '12:47:44'),
	(87, 'giname81', 'gidesc81', 1, '2017-08-07', '12:47:44'),
	(88, 'giname82', 'gidesc82', 1, '2017-08-07', '12:47:44'),
	(89, 'giname83', 'gidesc83', 1, '2017-08-07', '12:47:44'),
	(90, 'giname84', 'gidesc84', 1, '2017-08-07', '12:47:44'),
	(91, 'giname85', 'gidesc85', 1, '2017-08-07', '12:47:44'),
	(92, 'giname86', 'gidesc86', 1, '2017-08-07', '12:47:44'),
	(93, 'giname87', 'gidesc87', 1, '2017-08-07', '12:47:44'),
	(94, 'giname88', 'gidesc88', 1, '2017-08-07', '12:47:44'),
	(95, 'giname89', 'gidesc89', 1, '2017-08-07', '12:47:44'),
	(96, 'giname90', 'gidesc90', 1, '2017-08-07', '12:47:44'),
	(97, 'giname91', 'gidesc91', 1, '2017-08-07', '12:47:44'),
	(98, 'giname92', 'gidesc92', 1, '2017-08-07', '12:47:44'),
	(99, 'giname93', 'gidesc93', 1, '2017-08-07', '12:47:44'),
	(100, 'giname94', 'gidesc94', 1, '2017-08-07', '12:47:44'),
	(101, 'giname95', 'gidesc95', 1, '2017-08-07', '12:47:44'),
	(102, 'giname96', 'gidesc96', 1, '2017-08-07', '12:47:44'),
	(103, 'giname97', 'gidesc97', 1, '2017-08-07', '12:47:44'),
	(104, 'giname98', 'gidesc98', 1, '2017-08-07', '12:47:44'),
	(105, 'giname99', 'gidesc99', 1, '2017-08-07', '12:47:44'),
	(106, 'giname100', 'gidesc100', 1, '2017-08-07', '12:47:44'),
	(107, 'giname101', 'gidesc101', 1, '2017-08-07', '12:47:44'),
	(108, 'giname102', 'gidesc102', 1, '2017-08-07', '12:47:44'),
	(109, 'giname103', 'gidesc103', 1, '2017-08-07', '12:47:44'),
	(110, 'giname104', 'gidesc104', 1, '2017-08-07', '12:47:44'),
	(111, 'giname105', 'gidesc105', 1, '2017-08-07', '12:47:44'),
	(112, 'giname106', 'gidesc106', 1, '2017-08-07', '12:47:44'),
	(113, 'giname107', 'gidesc107', 1, '2017-08-07', '12:47:44'),
	(114, 'giname108', 'gidesc108', 1, '2017-08-07', '12:47:44'),
	(115, 'giname109', 'gidesc109', 1, '2017-08-07', '12:47:44'),
	(116, 'giname110', 'gidesc110', 1, '2017-08-07', '12:47:44'),
	(117, 'giname111', 'gidesc111', 1, '2017-08-07', '12:47:44'),
	(118, 'giname112', 'gidesc112', 1, '2017-08-07', '12:47:44'),
	(119, 'giname113', 'gidesc113', 1, '2017-08-07', '12:47:44'),
	(120, 'giname114', 'gidesc114', 1, '2017-08-07', '12:47:44'),
	(121, 'giname115', 'gidesc115', 1, '2017-08-07', '12:47:44'),
	(122, 'giname116', 'gidesc116', 1, '2017-08-07', '12:47:44'),
	(123, 'giname117', 'gidesc117', 1, '2017-08-07', '12:47:44'),
	(124, 'giname118', 'gidesc118', 1, '2017-08-07', '12:47:44'),
	(125, 'giname119', 'gidesc119', 1, '2017-08-07', '12:47:44'),
	(126, 'giname120', 'gidesc120', 1, '2017-08-07', '12:47:44'),
	(127, 'giname121', 'gidesc121', 1, '2017-08-07', '12:47:44'),
	(128, 'giname122', 'gidesc122', 1, '2017-08-07', '12:47:44'),
	(129, 'giname123', 'gidesc123', 1, '2017-08-07', '12:47:44'),
	(130, 'giname124', 'gidesc124', 1, '2017-08-07', '12:47:44'),
	(131, 'giname125', 'gidesc125', 1, '2017-08-07', '12:47:44'),
	(132, 'giname126', 'gidesc126', 1, '2017-08-07', '12:47:44'),
	(133, 'giname127', 'gidesc127', 1, '2017-08-07', '12:47:44'),
	(134, 'giname128', 'gidesc128', 1, '2017-08-07', '12:47:44'),
	(135, 'giname129', 'gidesc129', 1, '2017-08-07', '12:47:44'),
	(136, 'giname130', 'gidesc130', 1, '2017-08-07', '12:47:44'),
	(137, 'giname131', 'gidesc131', 1, '2017-08-07', '12:47:44'),
	(138, 'giname132', 'gidesc132', 1, '2017-08-07', '12:47:44'),
	(139, 'giname133', 'gidesc133', 1, '2017-08-07', '12:47:44'),
	(140, 'giname134', 'gidesc134', 1, '2017-08-07', '12:47:44'),
	(141, 'giname135', 'gidesc135', 1, '2017-08-07', '12:47:44'),
	(142, 'giname136', 'gidesc136', 1, '2017-08-07', '12:47:44'),
	(143, 'giname137', 'gidesc137', 1, '2017-08-07', '12:47:44'),
	(144, 'giname138', 'gidesc138', 1, '2017-08-07', '12:47:44'),
	(145, 'giname139', 'gidesc139', 1, '2017-08-07', '12:47:44'),
	(146, 'giname140', 'gidesc140', 1, '2017-08-07', '12:47:44'),
	(147, 'giname141', 'gidesc141', 1, '2017-08-07', '12:47:44'),
	(148, 'giname142', 'gidesc142', 1, '2017-08-07', '12:47:44'),
	(149, 'giname143', 'gidesc143', 1, '2017-08-07', '12:47:44'),
	(150, 'giname144', 'gidesc144', 1, '2017-08-07', '12:47:44'),
	(151, 'giname145', 'gidesc145', 1, '2017-08-07', '12:47:44'),
	(152, 'giname146', 'gidesc146', 1, '2017-08-07', '12:47:44'),
	(153, 'giname147', 'gidesc147', 1, '2017-08-07', '12:47:44'),
	(154, 'giname148', 'gidesc148', 1, '2017-08-07', '12:47:44'),
	(155, 'giname149', 'gidesc149', 1, '2017-08-07', '12:47:44'),
	(156, 'giname150', 'gidesc150', 1, '2017-08-07', '12:47:44'),
	(157, 'giname151', 'gidesc151', 1, '2017-08-07', '12:47:44'),
	(158, 'giname152', 'gidesc152', 1, '2017-08-07', '12:47:44'),
	(159, 'giname153', 'gidesc153', 1, '2017-08-07', '12:47:44'),
	(160, 'giname154', 'gidesc154', 1, '2017-08-07', '12:47:44'),
	(161, 'giname155', 'gidesc155', 1, '2017-08-07', '12:47:44'),
	(162, 'giname156', 'gidesc156', 1, '2017-08-07', '12:47:44'),
	(163, 'giname157', 'gidesc157', 1, '2017-08-07', '12:47:44'),
	(164, 'giname158', 'gidesc158', 1, '2017-08-07', '12:47:44'),
	(165, 'giname159', 'gidesc159', 1, '2017-08-07', '12:47:44'),
	(166, 'giname160', 'gidesc160', 1, '2017-08-07', '12:47:44'),
	(167, 'giname161', 'gidesc161', 1, '2017-08-07', '12:47:44'),
	(168, 'giname162', 'gidesc162', 1, '2017-08-07', '12:47:44'),
	(169, 'giname163', 'gidesc163', 1, '2017-08-07', '12:47:44'),
	(170, 'giname164', 'gidesc164', 1, '2017-08-07', '12:47:44'),
	(171, 'giname165', 'gidesc165', 1, '2017-08-07', '12:47:44'),
	(172, 'giname166', 'gidesc166', 1, '2017-08-07', '12:47:44'),
	(173, 'giname167', 'gidesc167', 1, '2017-08-07', '12:47:44'),
	(174, 'giname168', 'gidesc168', 1, '2017-08-07', '12:47:44'),
	(175, 'giname169', 'gidesc169', 1, '2017-08-07', '12:47:44'),
	(176, 'giname170', 'gidesc170', 1, '2017-08-07', '12:47:44'),
	(177, 'giname171', 'gidesc171', 1, '2017-08-07', '12:47:44'),
	(178, 'giname172', 'gidesc172', 1, '2017-08-07', '12:47:44'),
	(179, 'giname173', 'gidesc173', 1, '2017-08-07', '12:47:44'),
	(180, 'giname174', 'gidesc174', 1, '2017-08-07', '12:47:44'),
	(181, 'giname175', 'gidesc175', 1, '2017-08-07', '12:47:44'),
	(182, 'giname176', 'gidesc176', 1, '2017-08-07', '12:47:44'),
	(183, 'giname177', 'gidesc177', 1, '2017-08-07', '12:47:44'),
	(184, 'giname178', 'gidesc178', 1, '2017-08-07', '12:47:44'),
	(185, 'giname179', 'gidesc179', 1, '2017-08-07', '12:47:44'),
	(186, 'giname180', 'gidesc180', 1, '2017-08-07', '12:47:44'),
	(187, 'giname181', 'gidesc181', 1, '2017-08-07', '12:47:44'),
	(188, 'giname182', 'gidesc182', 1, '2017-08-07', '12:47:44'),
	(189, 'giname183', 'gidesc183', 1, '2017-08-07', '12:47:44'),
	(190, 'giname184', 'gidesc184', 1, '2017-08-07', '12:47:44'),
	(191, 'giname185', 'gidesc185', 1, '2017-08-07', '12:47:44'),
	(192, 'giname186', 'gidesc186', 1, '2017-08-07', '12:47:44'),
	(193, 'giname187', 'gidesc187', 1, '2017-08-07', '12:47:44'),
	(194, 'giname188', 'gidesc188', 1, '2017-08-07', '12:47:44'),
	(195, 'giname189', 'gidesc189', 1, '2017-08-07', '12:47:44'),
	(196, 'giname190', 'gidesc190', 1, '2017-08-07', '12:47:44'),
	(197, 'giname191', 'gidesc191', 1, '2017-08-07', '12:47:44'),
	(198, 'giname192', 'gidesc192', 1, '2017-08-07', '12:47:44'),
	(199, 'giname193', 'gidesc193', 1, '2017-08-07', '12:47:44'),
	(200, 'giname194', 'gidesc194', 1, '2017-08-07', '12:47:44'),
	(201, 'giname195', 'gidesc195', 1, '2017-08-07', '12:47:44'),
	(202, 'giname196', 'gidesc196', 1, '2017-08-07', '12:47:44'),
	(203, 'giname197', 'gidesc197', 1, '2017-08-07', '12:47:44'),
	(204, 'giname198', 'gidesc198', 1, '2017-08-07', '12:47:44'),
	(205, 'giname199', 'gidesc199', 1, '2017-08-07', '12:47:44'),
	(206, 'giname200', 'gidesc200', 1, '2017-08-07', '12:47:44'),
	(207, 'giname201', 'gidesc201', 1, '2017-08-07', '12:47:44'),
	(208, 'giname202', 'gidesc202', 1, '2017-08-07', '12:47:44'),
	(209, 'giname203', 'gidesc203', 1, '2017-08-07', '12:47:44'),
	(210, 'giname204', 'gidesc204', 1, '2017-08-07', '12:47:44'),
	(211, 'giname205', 'gidesc205', 1, '2017-08-07', '12:47:44'),
	(212, 'giname206', 'gidesc206', 1, '2017-08-07', '12:47:44'),
	(213, 'giname207', 'gidesc207', 1, '2017-08-07', '12:47:44'),
	(214, 'giname208', 'gidesc208', 1, '2017-08-07', '12:47:44'),
	(215, 'giname209', 'gidesc209', 1, '2017-08-07', '12:47:44'),
	(216, 'giname210', 'gidesc210', 1, '2017-08-07', '12:47:44'),
	(217, 'giname211', 'gidesc211', 1, '2017-08-07', '12:47:44'),
	(218, 'giname212', 'gidesc212', 1, '2017-08-07', '12:47:44'),
	(219, 'giname213', 'gidesc213', 1, '2017-08-07', '12:47:44'),
	(220, 'giname214', 'gidesc214', 1, '2017-08-07', '12:47:44'),
	(221, 'giname215', 'gidesc215', 1, '2017-08-07', '12:47:44'),
	(222, 'giname216', 'gidesc216', 1, '2017-08-07', '12:47:44'),
	(223, 'giname217', 'gidesc217', 1, '2017-08-07', '12:47:44'),
	(224, 'giname218', 'gidesc218', 1, '2017-08-07', '12:47:44'),
	(225, 'giname219', 'gidesc219', 1, '2017-08-07', '12:47:44'),
	(226, 'giname220', 'gidesc220', 1, '2017-08-07', '12:47:44'),
	(227, 'giname221', 'gidesc221', 1, '2017-08-07', '12:47:44'),
	(228, 'giname222', 'gidesc222', 1, '2017-08-07', '12:47:44'),
	(229, 'giname223', 'gidesc223', 1, '2017-08-07', '12:47:44'),
	(230, 'giname224', 'gidesc224', 1, '2017-08-07', '12:47:44'),
	(231, 'giname225', 'gidesc225', 1, '2017-08-07', '12:47:44'),
	(232, 'giname226', 'gidesc226', 1, '2017-08-07', '12:47:44'),
	(233, 'giname227', 'gidesc227', 1, '2017-08-07', '12:47:44'),
	(234, 'giname228', 'gidesc228', 1, '2017-08-07', '12:47:44'),
	(235, 'giname229', 'gidesc229', 1, '2017-08-07', '12:47:44'),
	(236, 'giname230', 'gidesc230', 1, '2017-08-07', '12:47:44'),
	(237, 'giname231', 'gidesc231', 1, '2017-08-07', '12:47:44'),
	(238, 'giname232', 'gidesc232', 1, '2017-08-07', '12:47:44'),
	(239, 'giname233', 'gidesc233', 1, '2017-08-07', '12:47:44'),
	(240, 'giname234', 'gidesc234', 1, '2017-08-07', '12:47:44'),
	(241, 'giname235', 'gidesc235', 1, '2017-08-07', '12:47:44'),
	(242, 'giname236', 'gidesc236', 1, '2017-08-07', '12:47:44'),
	(243, 'giname237', 'gidesc237', 1, '2017-08-07', '12:47:44'),
	(244, 'giname238', 'gidesc238', 1, '2017-08-07', '12:47:44'),
	(245, 'giname239', 'gidesc239', 1, '2017-08-07', '12:47:44'),
	(246, 'giname240', 'gidesc240', 1, '2017-08-07', '12:47:44'),
	(247, 'giname241', 'gidesc241', 1, '2017-08-07', '12:47:44'),
	(248, 'giname242', 'gidesc242', 1, '2017-08-07', '12:47:44'),
	(249, 'giname243', 'gidesc243', 1, '2017-08-07', '12:47:44'),
	(250, 'giname244', 'gidesc244', 1, '2017-08-07', '12:47:44'),
	(251, 'giname245', 'gidesc245', 1, '2017-08-07', '12:47:44'),
	(252, 'giname246', 'gidesc246', 1, '2017-08-07', '12:47:44'),
	(253, 'giname247', 'gidesc247', 1, '2017-08-07', '12:47:44'),
	(254, 'giname248', 'gidesc248', 1, '2017-08-07', '12:47:44'),
	(255, 'giname249', 'gidesc249', 1, '2017-08-07', '12:47:44'),
	(256, 'giname250', 'gidesc250', 1, '2017-08-07', '12:47:44'),
	(257, 'giname251', 'gidesc251', 1, '2017-08-07', '12:47:44'),
	(258, 'giname252', 'gidesc252', 1, '2017-08-07', '12:47:44'),
	(259, 'giname253', 'gidesc253', 1, '2017-08-07', '12:47:44'),
	(260, 'giname254', 'gidesc254', 1, '2017-08-07', '12:47:44'),
	(261, 'giname255', 'gidesc255', 1, '2017-08-07', '12:47:44'),
	(262, 'giname256', 'gidesc256', 1, '2017-08-07', '12:47:44'),
	(263, 'giname257', 'gidesc257', 1, '2017-08-07', '12:47:44'),
	(264, 'giname258', 'gidesc258', 1, '2017-08-07', '12:47:44'),
	(265, 'giname259', 'gidesc259', 1, '2017-08-07', '12:47:44'),
	(266, 'giname260', 'gidesc260', 1, '2017-08-07', '12:47:44'),
	(267, 'giname261', 'gidesc261', 1, '2017-08-07', '12:47:44'),
	(268, 'giname262', 'gidesc262', 1, '2017-08-07', '12:47:44'),
	(269, 'giname263', 'gidesc263', 1, '2017-08-07', '12:47:44'),
	(270, 'giname264', 'gidesc264', 1, '2017-08-07', '12:47:44'),
	(271, 'giname265', 'gidesc265', 1, '2017-08-07', '12:47:44'),
	(272, 'giname266', 'gidesc266', 1, '2017-08-07', '12:47:44'),
	(273, 'giname267', 'gidesc267', 1, '2017-08-07', '12:47:44'),
	(274, 'giname268', 'gidesc268', 1, '2017-08-07', '12:47:44'),
	(275, 'giname269', 'gidesc269', 1, '2017-08-07', '12:47:44'),
	(276, 'giname270', 'gidesc270', 1, '2017-08-07', '12:47:44'),
	(277, 'giname271', 'gidesc271', 1, '2017-08-07', '12:47:44'),
	(278, 'giname272', 'gidesc272', 1, '2017-08-07', '12:47:44'),
	(279, 'giname273', 'gidesc273', 1, '2017-08-07', '12:47:44'),
	(280, 'giname274', 'gidesc274', 1, '2017-08-07', '12:47:44'),
	(281, 'giname275', 'gidesc275', 1, '2017-08-07', '12:47:44'),
	(282, 'giname276', 'gidesc276', 1, '2017-08-07', '12:47:44'),
	(283, 'giname277', 'gidesc277', 1, '2017-08-07', '12:47:44'),
	(284, 'giname278', 'gidesc278', 1, '2017-08-07', '12:47:44'),
	(285, 'giname279', 'gidesc279', 1, '2017-08-07', '12:47:44'),
	(286, 'giname280', 'gidesc280', 1, '2017-08-07', '12:47:44'),
	(287, 'giname281', 'gidesc281', 1, '2017-08-07', '12:47:44'),
	(288, 'giname282', 'gidesc282', 1, '2017-08-07', '12:47:44'),
	(289, 'giname283', 'gidesc283', 1, '2017-08-07', '12:47:44'),
	(290, 'giname284', 'gidesc284', 1, '2017-08-07', '12:47:44'),
	(291, 'giname285', 'gidesc285', 1, '2017-08-07', '12:47:44'),
	(292, 'giname286', 'gidesc286', 1, '2017-08-07', '12:47:44'),
	(293, 'giname287', 'gidesc287', 1, '2017-08-07', '12:47:44'),
	(294, 'giname288', 'gidesc288', 1, '2017-08-07', '12:47:44'),
	(295, 'giname289', 'gidesc289', 1, '2017-08-07', '12:47:44'),
	(296, 'giname290', 'gidesc290', 1, '2017-08-07', '12:47:44'),
	(297, 'giname291', 'gidesc291', 1, '2017-08-07', '12:47:44'),
	(298, 'giname292', 'gidesc292', 1, '2017-08-07', '12:47:44'),
	(299, 'giname293', 'gidesc293', 1, '2017-08-07', '12:47:44'),
	(300, 'giname294', 'gidesc294', 1, '2017-08-07', '12:47:44'),
	(301, 'giname295', 'gidesc295', 1, '2017-08-07', '12:47:44'),
	(302, 'giname296', 'gidesc296', 1, '2017-08-07', '12:47:44'),
	(303, 'giname297', 'gidesc297', 1, '2017-08-07', '12:47:44'),
	(304, 'giname298', 'gidesc298', 1, '2017-08-07', '12:47:44'),
	(305, 'giname299', 'gidesc299', 1, '2017-08-07', '12:47:44'),
	(306, 'giname300', 'gidesc300', 1, '2017-08-07', '12:47:44'),
	(307, 'giname301', 'gidesc301', 1, '2017-08-07', '12:47:44'),
	(308, 'giname302', 'gidesc302', 1, '2017-08-07', '12:47:44'),
	(309, 'giname303', 'gidesc303', 1, '2017-08-07', '12:47:44'),
	(310, 'giname304', 'gidesc304', 1, '2017-08-07', '12:47:44'),
	(311, 'giname305', 'gidesc305', 1, '2017-08-07', '12:47:44'),
	(312, 'giname306', 'gidesc306', 1, '2017-08-07', '12:47:44'),
	(313, 'giname307', 'gidesc307', 1, '2017-08-07', '12:47:44'),
	(314, 'giname308', 'gidesc308', 1, '2017-08-07', '12:47:44'),
	(315, 'giname309', 'gidesc309', 1, '2017-08-07', '12:47:44'),
	(316, 'giname310', 'gidesc310', 1, '2017-08-07', '12:47:44'),
	(317, 'giname311', 'gidesc311', 1, '2017-08-07', '12:47:44'),
	(318, 'giname312', 'gidesc312', 1, '2017-08-07', '12:47:44'),
	(319, 'giname313', 'gidesc313', 1, '2017-08-07', '12:47:44'),
	(320, 'giname314', 'gidesc314', 1, '2017-08-07', '12:47:44'),
	(321, 'giname315', 'gidesc315', 1, '2017-08-07', '12:47:44'),
	(322, 'giname316', 'gidesc316', 1, '2017-08-07', '12:47:44'),
	(323, 'giname317', 'gidesc317', 1, '2017-08-07', '12:47:44'),
	(324, 'giname318', 'gidesc318', 1, '2017-08-07', '12:47:44'),
	(325, 'giname319', 'gidesc319', 1, '2017-08-07', '12:47:44'),
	(326, 'giname320', 'gidesc320', 1, '2017-08-07', '12:47:44'),
	(327, 'giname321', 'gidesc321', 1, '2017-08-07', '12:47:44'),
	(328, 'giname322', 'gidesc322', 1, '2017-08-07', '12:47:44'),
	(329, 'giname323', 'gidesc323', 1, '2017-08-07', '12:47:44'),
	(330, 'giname324', 'gidesc324', 1, '2017-08-07', '12:47:44'),
	(331, 'giname325', 'gidesc325', 1, '2017-08-07', '12:47:44'),
	(332, 'giname326', 'gidesc326', 1, '2017-08-07', '12:47:44'),
	(333, 'giname327', 'gidesc327', 1, '2017-08-07', '12:47:44'),
	(334, 'giname328', 'gidesc328', 1, '2017-08-07', '12:47:44'),
	(335, 'giname329', 'gidesc329', 1, '2017-08-07', '12:47:44'),
	(336, 'giname330', 'gidesc330', 1, '2017-08-07', '12:47:44'),
	(337, 'giname331', 'gidesc331', 1, '2017-08-07', '12:47:44'),
	(338, 'giname332', 'gidesc332', 1, '2017-08-07', '12:47:44'),
	(339, 'giname333', 'gidesc333', 1, '2017-08-07', '12:47:44'),
	(340, 'giname334', 'gidesc334', 1, '2017-08-07', '12:47:44'),
	(341, 'giname335', 'gidesc335', 1, '2017-08-07', '12:47:44'),
	(342, 'giname336', 'gidesc336', 1, '2017-08-07', '12:47:44'),
	(343, 'giname337', 'gidesc337', 1, '2017-08-07', '12:47:44'),
	(344, 'giname338', 'gidesc338', 1, '2017-08-07', '12:47:44'),
	(345, 'giname339', 'gidesc339', 1, '2017-08-07', '12:47:44'),
	(346, 'giname340', 'gidesc340', 1, '2017-08-07', '12:47:44'),
	(347, 'giname341', 'gidesc341', 1, '2017-08-07', '12:47:44'),
	(348, 'giname342', 'gidesc342', 1, '2017-08-07', '12:47:44'),
	(349, 'giname343', 'gidesc343', 1, '2017-08-07', '12:47:44'),
	(350, 'giname344', 'gidesc344', 1, '2017-08-07', '12:47:44'),
	(351, 'giname345', 'gidesc345', 1, '2017-08-07', '12:47:44'),
	(352, 'giname346', 'gidesc346', 1, '2017-08-07', '12:47:44'),
	(353, 'giname347', 'gidesc347', 1, '2017-08-07', '12:47:44'),
	(354, 'giname348', 'gidesc348', 1, '2017-08-07', '12:47:44'),
	(355, 'giname349', 'gidesc349', 1, '2017-08-07', '12:47:44'),
	(356, 'giname350', 'gidesc350', 1, '2017-08-07', '12:47:44'),
	(357, 'giname351', 'gidesc351', 1, '2017-08-07', '12:47:44'),
	(358, 'giname352', 'gidesc352', 1, '2017-08-07', '12:47:44'),
	(359, 'giname353', 'gidesc353', 1, '2017-08-07', '12:47:44'),
	(360, 'giname354', 'gidesc354', 1, '2017-08-07', '12:47:44'),
	(361, 'giname355', 'gidesc355', 1, '2017-08-07', '12:47:44'),
	(362, 'giname356', 'gidesc356', 1, '2017-08-07', '12:47:44'),
	(363, 'giname357', 'gidesc357', 1, '2017-08-07', '12:47:44'),
	(364, 'giname358', 'gidesc358', 1, '2017-08-07', '12:47:44'),
	(365, 'giname359', 'gidesc359', 1, '2017-08-07', '12:47:44'),
	(366, 'giname360', 'gidesc360', 1, '2017-08-07', '12:47:44'),
	(367, 'giname361', 'gidesc361', 1, '2017-08-07', '12:47:44'),
	(368, 'giname362', 'gidesc362', 1, '2017-08-07', '12:47:44'),
	(369, 'giname363', 'gidesc363', 1, '2017-08-07', '12:47:44'),
	(370, 'giname364', 'gidesc364', 1, '2017-08-07', '12:47:44'),
	(371, 'giname365', 'gidesc365', 1, '2017-08-07', '12:47:44'),
	(372, 'giname366', 'gidesc366', 1, '2017-08-07', '12:47:44'),
	(373, 'giname367', 'gidesc367', 1, '2017-08-07', '12:47:44'),
	(374, 'giname368', 'gidesc368', 1, '2017-08-07', '12:47:44'),
	(375, 'giname369', 'gidesc369', 1, '2017-08-07', '12:47:44'),
	(376, 'giname370', 'gidesc370', 1, '2017-08-07', '12:47:44'),
	(377, 'giname371', 'gidesc371', 1, '2017-08-07', '12:47:44'),
	(378, 'giname372', 'gidesc372', 1, '2017-08-07', '12:47:44'),
	(379, 'giname373', 'gidesc373', 1, '2017-08-07', '12:47:44'),
	(380, 'giname374', 'gidesc374', 1, '2017-08-07', '12:47:44'),
	(381, 'giname375', 'gidesc375', 1, '2017-08-07', '12:47:44'),
	(382, 'giname376', 'gidesc376', 1, '2017-08-07', '12:47:44'),
	(383, 'giname377', 'gidesc377', 1, '2017-08-07', '12:47:44'),
	(384, 'giname378', 'gidesc378', 1, '2017-08-07', '12:47:44'),
	(385, 'giname379', 'gidesc379', 1, '2017-08-07', '12:47:44'),
	(386, 'giname380', 'gidesc380', 1, '2017-08-07', '12:47:44'),
	(387, 'giname381', 'gidesc381', 1, '2017-08-07', '12:47:44'),
	(388, 'giname382', 'gidesc382', 1, '2017-08-07', '12:47:44'),
	(389, 'giname383', 'gidesc383', 1, '2017-08-07', '12:47:44'),
	(390, 'giname384', 'gidesc384', 1, '2017-08-07', '12:47:44'),
	(391, 'giname385', 'gidesc385', 1, '2017-08-07', '12:47:44'),
	(392, 'giname386', 'gidesc386', 1, '2017-08-07', '12:47:44'),
	(393, 'giname387', 'gidesc387', 1, '2017-08-07', '12:47:44'),
	(394, 'giname388', 'gidesc388', 1, '2017-08-07', '12:47:44'),
	(395, 'giname389', 'gidesc389', 1, '2017-08-07', '12:47:44'),
	(396, 'giname390', 'gidesc390', 1, '2017-08-07', '12:47:44'),
	(397, 'giname391', 'gidesc391', 1, '2017-08-07', '12:47:44'),
	(398, 'giname392', 'gidesc392', 1, '2017-08-07', '12:47:44'),
	(399, 'giname393', 'gidesc393', 1, '2017-08-07', '12:47:44'),
	(400, 'giname394', 'gidesc394', 1, '2017-08-07', '12:47:44'),
	(401, 'giname395', 'gidesc395', 1, '2017-08-07', '12:47:44'),
	(402, 'giname396', 'gidesc396', 1, '2017-08-07', '12:47:44'),
	(403, 'giname397', 'gidesc397', 1, '2017-08-07', '12:47:44'),
	(404, 'giname398', 'gidesc398', 1, '2017-08-07', '12:47:44'),
	(405, 'giname399', 'gidesc399', 1, '2017-08-07', '12:47:44'),
	(406, 'giname400', 'gidesc400', 1, '2017-08-07', '12:47:44'),
	(407, 'giname401', 'gidesc401', 1, '2017-08-07', '12:47:44'),
	(408, 'giname402', 'gidesc402', 1, '2017-08-07', '12:47:44'),
	(409, 'giname403', 'gidesc403', 1, '2017-08-07', '12:47:44'),
	(410, 'giname404', 'gidesc404', 1, '2017-08-07', '12:47:44'),
	(411, 'giname405', 'gidesc405', 1, '2017-08-07', '12:47:44'),
	(412, 'giname406', 'gidesc406', 1, '2017-08-07', '12:47:44'),
	(413, 'giname407', 'gidesc407', 1, '2017-08-07', '12:47:44'),
	(414, 'giname408', 'gidesc408', 1, '2017-08-07', '12:47:44'),
	(415, 'giname409', 'gidesc409', 1, '2017-08-07', '12:47:44'),
	(416, 'giname410', 'gidesc410', 1, '2017-08-07', '12:47:44'),
	(417, 'giname411', 'gidesc411', 1, '2017-08-07', '12:47:44'),
	(418, 'giname412', 'gidesc412', 1, '2017-08-07', '12:47:44'),
	(419, 'giname413', 'gidesc413', 1, '2017-08-07', '12:47:44'),
	(420, 'giname414', 'gidesc414', 1, '2017-08-07', '12:47:44'),
	(421, 'giname415', 'gidesc415', 1, '2017-08-07', '12:47:44'),
	(422, 'giname416', 'gidesc416', 1, '2017-08-07', '12:47:44'),
	(423, 'giname417', 'gidesc417', 1, '2017-08-07', '12:47:44'),
	(424, 'giname418', 'gidesc418', 1, '2017-08-07', '12:47:44'),
	(425, 'giname419', 'gidesc419', 1, '2017-08-07', '12:47:44'),
	(426, 'giname420', 'gidesc420', 1, '2017-08-07', '12:47:44'),
	(427, 'giname421', 'gidesc421', 1, '2017-08-07', '12:47:44'),
	(428, 'giname422', 'gidesc422', 1, '2017-08-07', '12:47:44'),
	(429, 'giname423', 'gidesc423', 1, '2017-08-07', '12:47:44'),
	(430, 'giname424', 'gidesc424', 1, '2017-08-07', '12:47:44'),
	(431, 'giname425', 'gidesc425', 1, '2017-08-07', '12:47:44'),
	(432, 'giname426', 'gidesc426', 1, '2017-08-07', '12:47:44'),
	(433, 'giname427', 'gidesc427', 1, '2017-08-07', '12:47:44'),
	(434, 'giname428', 'gidesc428', 1, '2017-08-07', '12:47:44'),
	(435, 'giname429', 'gidesc429', 1, '2017-08-07', '12:47:44'),
	(436, 'giname430', 'gidesc430', 1, '2017-08-07', '12:47:44'),
	(437, 'giname431', 'gidesc431', 1, '2017-08-07', '12:47:44'),
	(438, 'giname432', 'gidesc432', 1, '2017-08-07', '12:47:44'),
	(439, 'giname433', 'gidesc433', 1, '2017-08-07', '12:47:44'),
	(440, 'giname434', 'gidesc434', 1, '2017-08-07', '12:47:44'),
	(441, 'giname435', 'gidesc435', 1, '2017-08-07', '12:47:44'),
	(442, 'giname436', 'gidesc436', 1, '2017-08-07', '12:47:44'),
	(443, 'giname437', 'gidesc437', 1, '2017-08-07', '12:47:44'),
	(444, 'giname438', 'gidesc438', 1, '2017-08-07', '12:47:44'),
	(445, 'giname439', 'gidesc439', 1, '2017-08-07', '12:47:44'),
	(446, 'giname440', 'gidesc440', 1, '2017-08-07', '12:47:44'),
	(447, 'giname441', 'gidesc441', 1, '2017-08-07', '12:47:44'),
	(448, 'giname442', 'gidesc442', 1, '2017-08-07', '12:47:44'),
	(449, 'giname443', 'gidesc443', 1, '2017-08-07', '12:47:44'),
	(450, 'giname444', 'gidesc444', 1, '2017-08-07', '12:47:44'),
	(451, 'giname445', 'gidesc445', 1, '2017-08-07', '12:47:44'),
	(452, 'giname446', 'gidesc446', 1, '2017-08-07', '12:47:44'),
	(453, 'giname447', 'gidesc447', 1, '2017-08-07', '12:47:44'),
	(454, 'giname448', 'gidesc448', 1, '2017-08-07', '12:47:44'),
	(455, 'giname449', 'gidesc449', 1, '2017-08-07', '12:47:44'),
	(456, 'giname450', 'gidesc450', 1, '2017-08-07', '12:47:44'),
	(457, 'giname451', 'gidesc451', 1, '2017-08-07', '12:47:44'),
	(458, 'giname452', 'gidesc452', 1, '2017-08-07', '12:47:44'),
	(459, 'giname453', 'gidesc453', 1, '2017-08-07', '12:47:44'),
	(460, 'giname454', 'gidesc454', 1, '2017-08-07', '12:47:44'),
	(461, 'giname455', 'gidesc455', 1, '2017-08-07', '12:47:44'),
	(462, 'giname456', 'gidesc456', 1, '2017-08-07', '12:47:44'),
	(463, 'giname457', 'gidesc457', 1, '2017-08-07', '12:47:44'),
	(464, 'giname458', 'gidesc458', 1, '2017-08-07', '12:47:44'),
	(465, 'giname459', 'gidesc459', 1, '2017-08-07', '12:47:44'),
	(466, 'giname460', 'gidesc460', 1, '2017-08-07', '12:47:44'),
	(467, 'giname461', 'gidesc461', 1, '2017-08-07', '12:47:44'),
	(468, 'giname462', 'gidesc462', 1, '2017-08-07', '12:47:44'),
	(469, 'giname463', 'gidesc463', 1, '2017-08-07', '12:47:44'),
	(470, 'giname464', 'gidesc464', 1, '2017-08-07', '12:47:44'),
	(471, 'giname465', 'gidesc465', 1, '2017-08-07', '12:47:44'),
	(472, 'giname466', 'gidesc466', 1, '2017-08-07', '12:47:44'),
	(473, 'giname467', 'gidesc467', 1, '2017-08-07', '12:47:44'),
	(474, 'giname468', 'gidesc468', 1, '2017-08-07', '12:47:44'),
	(475, 'giname469', 'gidesc469', 1, '2017-08-07', '12:47:44'),
	(476, 'giname470', 'gidesc470', 1, '2017-08-07', '12:47:44'),
	(477, 'giname471', 'gidesc471', 1, '2017-08-07', '12:47:44'),
	(478, 'giname472', 'gidesc472', 1, '2017-08-07', '12:47:44'),
	(479, 'giname473', 'gidesc473', 1, '2017-08-07', '12:47:44'),
	(480, 'giname474', 'gidesc474', 1, '2017-08-07', '12:47:44'),
	(481, 'giname475', 'gidesc475', 1, '2017-08-07', '12:47:44'),
	(482, 'giname476', 'gidesc476', 1, '2017-08-07', '12:47:44'),
	(483, 'giname477', 'gidesc477', 1, '2017-08-07', '12:47:44'),
	(484, 'giname478', 'gidesc478', 1, '2017-08-07', '12:47:44'),
	(485, 'giname479', 'gidesc479', 1, '2017-08-07', '12:47:44'),
	(486, 'giname480', 'gidesc480', 1, '2017-08-07', '12:47:44'),
	(487, 'giname481', 'gidesc481', 1, '2017-08-07', '12:47:44'),
	(488, 'giname482', 'gidesc482', 1, '2017-08-07', '12:47:44'),
	(489, 'giname483', 'gidesc483', 1, '2017-08-07', '12:47:44'),
	(490, 'giname484', 'gidesc484', 1, '2017-08-07', '12:47:44'),
	(491, 'giname485', 'gidesc485', 1, '2017-08-07', '12:47:44'),
	(492, 'giname486', 'gidesc486', 1, '2017-08-07', '12:47:44'),
	(493, 'giname487', 'gidesc487', 1, '2017-08-07', '12:47:44'),
	(494, 'giname488', 'gidesc488', 1, '2017-08-07', '12:47:44'),
	(495, 'giname489', 'gidesc489', 1, '2017-08-07', '12:47:44'),
	(496, 'giname490', 'gidesc490', 1, '2017-08-07', '12:47:44'),
	(497, 'giname491', 'gidesc491', 1, '2017-08-07', '12:47:44'),
	(498, 'giname492', 'gidesc492', 1, '2017-08-07', '12:47:44'),
	(499, 'giname493', 'gidesc493', 1, '2017-08-07', '12:47:44'),
	(500, 'giname494', 'gidesc494', 1, '2017-08-07', '12:47:44'),
	(501, 'giname495', 'gidesc495', 1, '2017-08-07', '12:47:44'),
	(502, 'giname496', 'gidesc496', 1, '2017-08-07', '12:47:44'),
	(503, 'giname497', 'gidesc497', 1, '2017-08-07', '12:47:44'),
	(504, 'giname498', 'gidesc498', 1, '2017-08-07', '12:47:44'),
	(505, 'giname499', 'gidesc499', 1, '2017-08-07', '12:47:44'),
	(506, 'giname500', 'gidesc500', 1, '2017-08-07', '12:47:44'),
	(507, 'giname501', 'gidesc501', 1, '2017-08-07', '12:47:44'),
	(508, 'giname502', 'gidesc502', 1, '2017-08-07', '12:47:44'),
	(509, 'giname503', 'gidesc503', 1, '2017-08-07', '12:47:44'),
	(510, 'giname504', 'gidesc504', 1, '2017-08-07', '12:47:44'),
	(511, 'giname505', 'gidesc505', 1, '2017-08-07', '12:47:44'),
	(512, 'giname506', 'gidesc506', 1, '2017-08-07', '12:47:44'),
	(513, 'giname507', 'gidesc507', 1, '2017-08-07', '12:47:44'),
	(514, 'giname508', 'gidesc508', 1, '2017-08-07', '12:47:44'),
	(515, 'giname509', 'gidesc509', 1, '2017-08-07', '12:47:44'),
	(516, 'giname510', 'gidesc510', 1, '2017-08-07', '12:47:44'),
	(517, 'giname511', 'gidesc511', 1, '2017-08-07', '12:47:44'),
	(518, 'giname512', 'gidesc512', 1, '2017-08-07', '12:47:44'),
	(519, 'giname513', 'gidesc513', 1, '2017-08-07', '12:47:44'),
	(520, 'giname514', 'gidesc514', 1, '2017-08-07', '12:47:44'),
	(521, 'giname515', 'gidesc515', 1, '2017-08-07', '12:47:44'),
	(522, 'giname516', 'gidesc516', 1, '2017-08-07', '12:47:44'),
	(523, 'giname517', 'gidesc517', 1, '2017-08-07', '12:47:44'),
	(524, 'giname518', 'gidesc518', 1, '2017-08-07', '12:47:44'),
	(525, 'giname519', 'gidesc519', 1, '2017-08-07', '12:47:44'),
	(526, 'giname520', 'gidesc520', 1, '2017-08-07', '12:47:44'),
	(527, 'giname521', 'gidesc521', 1, '2017-08-07', '12:47:44'),
	(528, 'giname522', 'gidesc522', 1, '2017-08-07', '12:47:44'),
	(529, 'giname523', 'gidesc523', 1, '2017-08-07', '12:47:44'),
	(530, 'giname524', 'gidesc524', 1, '2017-08-07', '12:47:44'),
	(531, 'giname525', 'gidesc525', 1, '2017-08-07', '12:47:44'),
	(532, 'giname526', 'gidesc526', 1, '2017-08-07', '12:47:44'),
	(533, 'giname527', 'gidesc527', 1, '2017-08-07', '12:47:44'),
	(534, 'giname528', 'gidesc528', 1, '2017-08-07', '12:47:44'),
	(535, 'giname529', 'gidesc529', 1, '2017-08-07', '12:47:44'),
	(536, 'giname530', 'gidesc530', 1, '2017-08-07', '12:47:44'),
	(537, 'giname531', 'gidesc531', 1, '2017-08-07', '12:47:44'),
	(538, 'giname532', 'gidesc532', 1, '2017-08-07', '12:47:44'),
	(539, 'giname533', 'gidesc533', 1, '2017-08-07', '12:47:44'),
	(540, 'giname534', 'gidesc534', 1, '2017-08-07', '12:47:44'),
	(541, 'giname535', 'gidesc535', 1, '2017-08-07', '12:47:44'),
	(542, 'giname536', 'gidesc536', 1, '2017-08-07', '12:47:44'),
	(543, 'giname537', 'gidesc537', 1, '2017-08-07', '12:47:44'),
	(544, 'giname538', 'gidesc538', 1, '2017-08-07', '12:47:44'),
	(545, 'giname539', 'gidesc539', 1, '2017-08-07', '12:47:44'),
	(546, 'giname540', 'gidesc540', 1, '2017-08-07', '12:47:44'),
	(547, 'giname541', 'gidesc541', 1, '2017-08-07', '12:47:44'),
	(548, 'giname542', 'gidesc542', 1, '2017-08-07', '12:47:44'),
	(549, 'giname543', 'gidesc543', 1, '2017-08-07', '12:47:44'),
	(550, 'giname544', 'gidesc544', 1, '2017-08-07', '12:47:44'),
	(551, 'giname545', 'gidesc545', 1, '2017-08-07', '12:47:44'),
	(552, 'giname546', 'gidesc546', 1, '2017-08-07', '12:47:44'),
	(553, 'giname547', 'gidesc547', 1, '2017-08-07', '12:47:44'),
	(554, 'giname548', 'gidesc548', 1, '2017-08-07', '12:47:44'),
	(555, 'giname549', 'gidesc549', 1, '2017-08-07', '12:47:44'),
	(556, 'giname550', 'gidesc550', 1, '2017-08-07', '12:47:44'),
	(557, 'giname551', 'gidesc551', 1, '2017-08-07', '12:47:44'),
	(558, 'giname552', 'gidesc552', 1, '2017-08-07', '12:47:44'),
	(559, 'giname553', 'gidesc553', 1, '2017-08-07', '12:47:44'),
	(560, 'giname554', 'gidesc554', 1, '2017-08-07', '12:47:44'),
	(561, 'giname555', 'gidesc555', 1, '2017-08-07', '12:47:44'),
	(562, 'giname556', 'gidesc556', 1, '2017-08-07', '12:47:44'),
	(563, 'giname557', 'gidesc557', 1, '2017-08-07', '12:47:44'),
	(564, 'giname558', 'gidesc558', 1, '2017-08-07', '12:47:44'),
	(565, 'giname559', 'gidesc559', 1, '2017-08-07', '12:47:44'),
	(566, 'giname560', 'gidesc560', 1, '2017-08-07', '12:47:44'),
	(567, 'giname561', 'gidesc561', 1, '2017-08-07', '12:47:44'),
	(568, 'giname562', 'gidesc562', 1, '2017-08-07', '12:47:44'),
	(569, 'giname563', 'gidesc563', 1, '2017-08-07', '12:47:44'),
	(570, 'giname564', 'gidesc564', 1, '2017-08-07', '12:47:44'),
	(571, 'giname565', 'gidesc565', 1, '2017-08-07', '12:47:44'),
	(572, 'giname566', 'gidesc566', 1, '2017-08-07', '12:47:44'),
	(573, 'giname567', 'gidesc567', 1, '2017-08-07', '12:47:44'),
	(574, 'giname568', 'gidesc568', 1, '2017-08-07', '12:47:44'),
	(575, 'giname569', 'gidesc569', 1, '2017-08-07', '12:47:44'),
	(576, 'giname570', 'gidesc570', 1, '2017-08-07', '12:47:44'),
	(577, 'giname571', 'gidesc571', 1, '2017-08-07', '12:47:44'),
	(578, 'giname572', 'gidesc572', 1, '2017-08-07', '12:47:44'),
	(579, 'giname573', 'gidesc573', 1, '2017-08-07', '12:47:44'),
	(580, 'giname574', 'gidesc574', 1, '2017-08-07', '12:47:44'),
	(581, 'giname575', 'gidesc575', 1, '2017-08-07', '12:47:44'),
	(582, 'giname576', 'gidesc576', 1, '2017-08-07', '12:47:44'),
	(583, 'giname577', 'gidesc577', 1, '2017-08-07', '12:47:44'),
	(584, 'giname578', 'gidesc578', 1, '2017-08-07', '12:47:44'),
	(585, 'giname579', 'gidesc579', 1, '2017-08-07', '12:47:44'),
	(586, 'giname580', 'gidesc580', 1, '2017-08-07', '12:47:44'),
	(587, 'giname581', 'gidesc581', 1, '2017-08-07', '12:47:44'),
	(588, 'giname582', 'gidesc582', 1, '2017-08-07', '12:47:44'),
	(589, 'giname583', 'gidesc583', 1, '2017-08-07', '12:47:44'),
	(590, 'giname584', 'gidesc584', 1, '2017-08-07', '12:47:44'),
	(591, 'giname585', 'gidesc585', 1, '2017-08-07', '12:47:44'),
	(592, 'giname586', 'gidesc586', 1, '2017-08-07', '12:47:44'),
	(593, 'giname587', 'gidesc587', 1, '2017-08-07', '12:47:44'),
	(594, 'giname588', 'gidesc588', 1, '2017-08-07', '12:47:44'),
	(595, 'giname589', 'gidesc589', 1, '2017-08-07', '12:47:44'),
	(596, 'giname590', 'gidesc590', 1, '2017-08-07', '12:47:44'),
	(597, 'giname591', 'gidesc591', 1, '2017-08-07', '12:47:44'),
	(598, 'giname592', 'gidesc592', 1, '2017-08-07', '12:47:44'),
	(599, 'giname593', 'gidesc593', 1, '2017-08-07', '12:47:44'),
	(600, 'giname594', 'gidesc594', 1, '2017-08-07', '12:47:44'),
	(601, 'giname595', 'gidesc595', 1, '2017-08-07', '12:47:44'),
	(602, 'giname596', 'gidesc596', 1, '2017-08-07', '12:47:44'),
	(603, 'giname597', 'gidesc597', 1, '2017-08-07', '12:47:44'),
	(604, 'giname598', 'gidesc598', 1, '2017-08-07', '12:47:44'),
	(605, 'giname599', 'gidesc599', 1, '2017-08-07', '12:47:44'),
	(606, 'giname600', 'gidesc600', 1, '2017-08-07', '12:47:44'),
	(607, 'giname601', 'gidesc601', 1, '2017-08-07', '12:47:44'),
	(608, 'giname602', 'gidesc602', 1, '2017-08-07', '12:47:44'),
	(609, 'giname603', 'gidesc603', 1, '2017-08-07', '12:47:44'),
	(610, 'giname604', 'gidesc604', 1, '2017-08-07', '12:47:44'),
	(611, 'giname605', 'gidesc605', 1, '2017-08-07', '12:47:44'),
	(612, 'giname606', 'gidesc606', 1, '2017-08-07', '12:47:44'),
	(613, 'giname607', 'gidesc607', 1, '2017-08-07', '12:47:44'),
	(614, 'giname608', 'gidesc608', 1, '2017-08-07', '12:47:44'),
	(615, 'giname609', 'gidesc609', 1, '2017-08-07', '12:47:44'),
	(616, 'giname610', 'gidesc610', 1, '2017-08-07', '12:47:44'),
	(617, 'giname611', 'gidesc611', 1, '2017-08-07', '12:47:44'),
	(618, 'giname612', 'gidesc612', 1, '2017-08-07', '12:47:44'),
	(619, 'giname613', 'gidesc613', 1, '2017-08-07', '12:47:44'),
	(620, 'giname614', 'gidesc614', 1, '2017-08-07', '12:47:44'),
	(621, 'giname615', 'gidesc615', 1, '2017-08-07', '12:47:44'),
	(622, 'giname616', 'gidesc616', 1, '2017-08-07', '12:47:44'),
	(623, 'giname617', 'gidesc617', 1, '2017-08-07', '12:47:44'),
	(624, 'giname618', 'gidesc618', 1, '2017-08-07', '12:47:44'),
	(625, 'giname619', 'gidesc619', 1, '2017-08-07', '12:47:44'),
	(626, 'giname620', 'gidesc620', 1, '2017-08-07', '12:47:44'),
	(627, 'giname621', 'gidesc621', 1, '2017-08-07', '12:47:44'),
	(628, 'giname622', 'gidesc622', 1, '2017-08-07', '12:47:44'),
	(629, 'giname623', 'gidesc623', 1, '2017-08-07', '12:47:44'),
	(630, 'giname624', 'gidesc624', 1, '2017-08-07', '12:47:44'),
	(631, 'giname625', 'gidesc625', 1, '2017-08-07', '12:47:44'),
	(632, 'giname626', 'gidesc626', 1, '2017-08-07', '12:47:44'),
	(633, 'giname627', 'gidesc627', 1, '2017-08-07', '12:47:44'),
	(634, 'giname628', 'gidesc628', 1, '2017-08-07', '12:47:44'),
	(635, 'giname629', 'gidesc629', 1, '2017-08-07', '12:47:44'),
	(636, 'giname630', 'gidesc630', 1, '2017-08-07', '12:47:44'),
	(637, 'giname631', 'gidesc631', 1, '2017-08-07', '12:47:44'),
	(638, 'giname632', 'gidesc632', 1, '2017-08-07', '12:47:44'),
	(639, 'giname633', 'gidesc633', 1, '2017-08-07', '12:47:44'),
	(640, 'giname634', 'gidesc634', 1, '2017-08-07', '12:47:44'),
	(641, 'giname635', 'gidesc635', 1, '2017-08-07', '12:47:44'),
	(642, 'giname636', 'gidesc636', 1, '2017-08-07', '12:47:44'),
	(643, 'giname637', 'gidesc637', 1, '2017-08-07', '12:47:44'),
	(644, 'giname638', 'gidesc638', 1, '2017-08-07', '12:47:44'),
	(645, 'giname639', 'gidesc639', 1, '2017-08-07', '12:47:44'),
	(646, 'giname640', 'gidesc640', 1, '2017-08-07', '12:47:44'),
	(647, 'giname641', 'gidesc641', 1, '2017-08-07', '12:47:44'),
	(648, 'giname642', 'gidesc642', 1, '2017-08-07', '12:47:44'),
	(649, 'giname643', 'gidesc643', 1, '2017-08-07', '12:47:44'),
	(650, 'giname644', 'gidesc644', 1, '2017-08-07', '12:47:44'),
	(651, 'giname645', 'gidesc645', 1, '2017-08-07', '12:47:44'),
	(652, 'giname646', 'gidesc646', 1, '2017-08-07', '12:47:44'),
	(653, 'giname647', 'gidesc647', 1, '2017-08-07', '12:47:44'),
	(654, 'giname648', 'gidesc648', 1, '2017-08-07', '12:47:44'),
	(655, 'giname649', 'gidesc649', 1, '2017-08-07', '12:47:44'),
	(656, 'giname650', 'gidesc650', 1, '2017-08-07', '12:47:44'),
	(657, 'giname651', 'gidesc651', 1, '2017-08-07', '12:47:44'),
	(658, 'giname652', 'gidesc652', 1, '2017-08-07', '12:47:44'),
	(659, 'giname653', 'gidesc653', 1, '2017-08-07', '12:47:44'),
	(660, 'giname654', 'gidesc654', 1, '2017-08-07', '12:47:44'),
	(661, 'giname655', 'gidesc655', 1, '2017-08-07', '12:47:44'),
	(662, 'giname656', 'gidesc656', 1, '2017-08-07', '12:47:44'),
	(663, 'giname657', 'gidesc657', 1, '2017-08-07', '12:47:44'),
	(664, 'giname658', 'gidesc658', 1, '2017-08-07', '12:47:44'),
	(665, 'giname659', 'gidesc659', 1, '2017-08-07', '12:47:44'),
	(666, 'giname660', 'gidesc660', 1, '2017-08-07', '12:47:44'),
	(667, 'giname661', 'gidesc661', 1, '2017-08-07', '12:47:44'),
	(668, 'giname662', 'gidesc662', 1, '2017-08-07', '12:47:44'),
	(669, 'giname663', 'gidesc663', 1, '2017-08-07', '12:47:44'),
	(670, 'giname664', 'gidesc664', 1, '2017-08-07', '12:47:44'),
	(671, 'giname665', 'gidesc665', 1, '2017-08-07', '12:47:44'),
	(672, 'giname666', 'gidesc666', 1, '2017-08-07', '12:47:44'),
	(673, 'giname667', 'gidesc667', 1, '2017-08-07', '12:47:44'),
	(674, 'giname668', 'gidesc668', 1, '2017-08-07', '12:47:44'),
	(675, 'giname669', 'gidesc669', 1, '2017-08-07', '12:47:44'),
	(676, 'giname670', 'gidesc670', 1, '2017-08-07', '12:47:44'),
	(677, 'giname671', 'gidesc671', 1, '2017-08-07', '12:47:44'),
	(678, 'giname672', 'gidesc672', 1, '2017-08-07', '12:47:44'),
	(679, 'giname673', 'gidesc673', 1, '2017-08-07', '12:47:44'),
	(680, 'giname674', 'gidesc674', 1, '2017-08-07', '12:47:44'),
	(681, 'giname675', 'gidesc675', 1, '2017-08-07', '12:47:44'),
	(682, 'giname676', 'gidesc676', 1, '2017-08-07', '12:47:44'),
	(683, 'giname677', 'gidesc677', 1, '2017-08-07', '12:47:44'),
	(684, 'giname678', 'gidesc678', 1, '2017-08-07', '12:47:44'),
	(685, 'giname679', 'gidesc679', 1, '2017-08-07', '12:47:44'),
	(686, 'giname680', 'gidesc680', 1, '2017-08-07', '12:47:44'),
	(687, 'giname681', 'gidesc681', 1, '2017-08-07', '12:47:44'),
	(688, 'giname682', 'gidesc682', 1, '2017-08-07', '12:47:44'),
	(689, 'giname683', 'gidesc683', 1, '2017-08-07', '12:47:44'),
	(690, 'giname684', 'gidesc684', 1, '2017-08-07', '12:47:44'),
	(691, 'giname685', 'gidesc685', 1, '2017-08-07', '12:47:44'),
	(692, 'giname686', 'gidesc686', 1, '2017-08-07', '12:47:44'),
	(693, 'giname687', 'gidesc687', 1, '2017-08-07', '12:47:44'),
	(694, 'giname688', 'gidesc688', 1, '2017-08-07', '12:47:44'),
	(695, 'giname689', 'gidesc689', 1, '2017-08-07', '12:47:44'),
	(696, 'giname690', 'gidesc690', 1, '2017-08-07', '12:47:44'),
	(697, 'giname691', 'gidesc691', 1, '2017-08-07', '12:47:44'),
	(698, 'giname692', 'gidesc692', 1, '2017-08-07', '12:47:44'),
	(699, 'giname693', 'gidesc693', 1, '2017-08-07', '12:47:44'),
	(700, 'giname694', 'gidesc694', 1, '2017-08-07', '12:47:44'),
	(701, 'giname695', 'gidesc695', 1, '2017-08-07', '12:47:44'),
	(702, 'giname696', 'gidesc696', 1, '2017-08-07', '12:47:44'),
	(703, 'giname697', 'gidesc697', 1, '2017-08-07', '12:47:44'),
	(704, 'giname698', 'gidesc698', 1, '2017-08-07', '12:47:44'),
	(705, 'giname699', 'gidesc699', 1, '2017-08-07', '12:47:44'),
	(706, 'giname700', 'gidesc700', 1, '2017-08-07', '12:47:44'),
	(707, 'giname701', 'gidesc701', 1, '2017-08-07', '12:47:44'),
	(708, 'giname702', 'gidesc702', 1, '2017-08-07', '12:47:44'),
	(709, 'giname703', 'gidesc703', 1, '2017-08-07', '12:47:44'),
	(710, 'giname704', 'gidesc704', 1, '2017-08-07', '12:47:44'),
	(711, 'giname705', 'gidesc705', 1, '2017-08-07', '12:47:44'),
	(712, 'giname706', 'gidesc706', 1, '2017-08-07', '12:47:44'),
	(713, 'giname707', 'gidesc707', 1, '2017-08-07', '12:47:44'),
	(714, 'giname708', 'gidesc708', 1, '2017-08-07', '12:47:44'),
	(715, 'giname709', 'gidesc709', 1, '2017-08-07', '12:47:44'),
	(716, 'giname710', 'gidesc710', 1, '2017-08-07', '12:47:44'),
	(717, 'giname711', 'gidesc711', 1, '2017-08-07', '12:47:44'),
	(718, 'giname712', 'gidesc712', 1, '2017-08-07', '12:47:44'),
	(719, 'giname713', 'gidesc713', 1, '2017-08-07', '12:47:44'),
	(720, 'giname714', 'gidesc714', 1, '2017-08-07', '12:47:44'),
	(721, 'giname715', 'gidesc715', 1, '2017-08-07', '12:47:44'),
	(722, 'giname716', 'gidesc716', 1, '2017-08-07', '12:47:44'),
	(723, 'giname717', 'gidesc717', 1, '2017-08-07', '12:47:44'),
	(724, 'giname718', 'gidesc718', 1, '2017-08-07', '12:47:44'),
	(725, 'giname719', 'gidesc719', 1, '2017-08-07', '12:47:44'),
	(726, 'giname720', 'gidesc720', 1, '2017-08-07', '12:47:44'),
	(727, 'giname721', 'gidesc721', 1, '2017-08-07', '12:47:44'),
	(728, 'giname722', 'gidesc722', 1, '2017-08-07', '12:47:44'),
	(729, 'giname723', 'gidesc723', 1, '2017-08-07', '12:47:44'),
	(730, 'giname724', 'gidesc724', 1, '2017-08-07', '12:47:44'),
	(731, 'giname725', 'gidesc725', 1, '2017-08-07', '12:47:44'),
	(732, 'giname726', 'gidesc726', 1, '2017-08-07', '12:47:44'),
	(733, 'giname727', 'gidesc727', 1, '2017-08-07', '12:47:44'),
	(734, 'giname728', 'gidesc728', 1, '2017-08-07', '12:47:44'),
	(735, 'giname729', 'gidesc729', 1, '2017-08-07', '12:47:44'),
	(736, 'giname730', 'gidesc730', 1, '2017-08-07', '12:47:44'),
	(737, 'giname731', 'gidesc731', 1, '2017-08-07', '12:47:44'),
	(738, 'giname732', 'gidesc732', 1, '2017-08-07', '12:47:44'),
	(739, 'giname733', 'gidesc733', 1, '2017-08-07', '12:47:44'),
	(740, 'giname734', 'gidesc734', 1, '2017-08-07', '12:47:44'),
	(741, 'giname735', 'gidesc735', 1, '2017-08-07', '12:47:44'),
	(742, 'giname736', 'gidesc736', 1, '2017-08-07', '12:47:44'),
	(743, 'giname737', 'gidesc737', 1, '2017-08-07', '12:47:44'),
	(744, 'giname738', 'gidesc738', 1, '2017-08-07', '12:47:44'),
	(745, 'giname739', 'gidesc739', 1, '2017-08-07', '12:47:44'),
	(746, 'giname740', 'gidesc740', 1, '2017-08-07', '12:47:44'),
	(747, 'giname741', 'gidesc741', 1, '2017-08-07', '12:47:44'),
	(748, 'giname742', 'gidesc742', 1, '2017-08-07', '12:47:44'),
	(749, 'giname743', 'gidesc743', 1, '2017-08-07', '12:47:44'),
	(750, 'giname744', 'gidesc744', 1, '2017-08-07', '12:47:44'),
	(751, 'giname745', 'gidesc745', 1, '2017-08-07', '12:47:44'),
	(752, 'giname746', 'gidesc746', 1, '2017-08-07', '12:47:44'),
	(753, 'giname747', 'gidesc747', 1, '2017-08-07', '12:47:44'),
	(754, 'giname748', 'gidesc748', 1, '2017-08-07', '12:47:44'),
	(755, 'giname749', 'gidesc749', 1, '2017-08-07', '12:47:44'),
	(756, 'giname750', 'gidesc750', 1, '2017-08-07', '12:47:44'),
	(757, 'giname751', 'gidesc751', 1, '2017-08-07', '12:47:44'),
	(758, 'giname752', 'gidesc752', 1, '2017-08-07', '12:47:44'),
	(759, 'giname753', 'gidesc753', 1, '2017-08-07', '12:47:44'),
	(760, 'giname754', 'gidesc754', 1, '2017-08-07', '12:47:44'),
	(761, 'giname755', 'gidesc755', 1, '2017-08-07', '12:47:44'),
	(762, 'giname756', 'gidesc756', 1, '2017-08-07', '12:47:44'),
	(763, 'giname757', 'gidesc757', 1, '2017-08-07', '12:47:44'),
	(764, 'giname758', 'gidesc758', 1, '2017-08-07', '12:47:44'),
	(765, 'giname759', 'gidesc759', 1, '2017-08-07', '12:47:44'),
	(766, 'giname760', 'gidesc760', 1, '2017-08-07', '12:47:44'),
	(767, 'giname761', 'gidesc761', 1, '2017-08-07', '12:47:44'),
	(768, 'giname762', 'gidesc762', 1, '2017-08-07', '12:47:44'),
	(769, 'giname763', 'gidesc763', 1, '2017-08-07', '12:47:44'),
	(770, 'giname764', 'gidesc764', 1, '2017-08-07', '12:47:44'),
	(771, 'giname765', 'gidesc765', 1, '2017-08-07', '12:47:44'),
	(772, 'giname766', 'gidesc766', 1, '2017-08-07', '12:47:44'),
	(773, 'giname767', 'gidesc767', 1, '2017-08-07', '12:47:44'),
	(774, 'giname768', 'gidesc768', 1, '2017-08-07', '12:47:44'),
	(775, 'giname769', 'gidesc769', 1, '2017-08-07', '12:47:44'),
	(776, 'giname770', 'gidesc770', 1, '2017-08-07', '12:47:44'),
	(777, 'giname771', 'gidesc771', 1, '2017-08-07', '12:47:44'),
	(778, 'giname772', 'gidesc772', 1, '2017-08-07', '12:47:44'),
	(779, 'giname773', 'gidesc773', 1, '2017-08-07', '12:47:44'),
	(780, 'giname774', 'gidesc774', 1, '2017-08-07', '12:47:44'),
	(781, 'giname775', 'gidesc775', 1, '2017-08-07', '12:47:44'),
	(782, 'giname776', 'gidesc776', 1, '2017-08-07', '12:47:44'),
	(783, 'giname777', 'gidesc777', 1, '2017-08-07', '12:47:44'),
	(784, 'giname778', 'gidesc778', 1, '2017-08-07', '12:47:44'),
	(785, 'giname779', 'gidesc779', 1, '2017-08-07', '12:47:44'),
	(786, 'giname780', 'gidesc780', 1, '2017-08-07', '12:47:44'),
	(787, 'giname781', 'gidesc781', 1, '2017-08-07', '12:47:44'),
	(788, 'giname782', 'gidesc782', 1, '2017-08-07', '12:47:44'),
	(789, 'giname783', 'gidesc783', 1, '2017-08-07', '12:47:44'),
	(790, 'giname784', 'gidesc784', 1, '2017-08-07', '12:47:44'),
	(791, 'giname785', 'gidesc785', 1, '2017-08-07', '12:47:44'),
	(792, 'giname786', 'gidesc786', 1, '2017-08-07', '12:47:44'),
	(793, 'giname787', 'gidesc787', 1, '2017-08-07', '12:47:44'),
	(794, 'giname788', 'gidesc788', 1, '2017-08-07', '12:47:44'),
	(795, 'giname789', 'gidesc789', 1, '2017-08-07', '12:47:44'),
	(796, 'giname790', 'gidesc790', 1, '2017-08-07', '12:47:44'),
	(797, 'giname791', 'gidesc791', 1, '2017-08-07', '12:47:44'),
	(798, 'giname792', 'gidesc792', 1, '2017-08-07', '12:47:44'),
	(799, 'giname793', 'gidesc793', 1, '2017-08-07', '12:47:44'),
	(800, 'giname794', 'gidesc794', 1, '2017-08-07', '12:47:44'),
	(801, 'giname795', 'gidesc795', 1, '2017-08-07', '12:47:44'),
	(802, 'giname796', 'gidesc796', 1, '2017-08-07', '12:47:44'),
	(803, 'giname797', 'gidesc797', 1, '2017-08-07', '12:47:44'),
	(804, 'giname798', 'gidesc798', 1, '2017-08-07', '12:47:44'),
	(805, 'giname799', 'gidesc799', 1, '2017-08-07', '12:47:44'),
	(806, 'giname800', 'gidesc800', 1, '2017-08-07', '12:47:44'),
	(807, 'giname801', 'gidesc801', 1, '2017-08-07', '12:47:44'),
	(808, 'giname802', 'gidesc802', 1, '2017-08-07', '12:47:44'),
	(809, 'giname803', 'gidesc803', 1, '2017-08-07', '12:47:44'),
	(810, 'giname804', 'gidesc804', 1, '2017-08-07', '12:47:44'),
	(811, 'giname805', 'gidesc805', 1, '2017-08-07', '12:47:44'),
	(812, 'giname806', 'gidesc806', 1, '2017-08-07', '12:47:44'),
	(813, 'giname807', 'gidesc807', 1, '2017-08-07', '12:47:44'),
	(814, 'giname808', 'gidesc808', 1, '2017-08-07', '12:47:44'),
	(815, 'giname809', 'gidesc809', 1, '2017-08-07', '12:47:44'),
	(816, 'giname810', 'gidesc810', 1, '2017-08-07', '12:47:44'),
	(817, 'giname811', 'gidesc811', 1, '2017-08-07', '12:47:44'),
	(818, 'giname812', 'gidesc812', 1, '2017-08-07', '12:47:44'),
	(819, 'giname813', 'gidesc813', 1, '2017-08-07', '12:47:44'),
	(820, 'giname814', 'gidesc814', 1, '2017-08-07', '12:47:44'),
	(821, 'giname815', 'gidesc815', 1, '2017-08-07', '12:47:44'),
	(822, 'giname816', 'gidesc816', 1, '2017-08-07', '12:47:44'),
	(823, 'giname817', 'gidesc817', 1, '2017-08-07', '12:47:44'),
	(824, 'giname818', 'gidesc818', 1, '2017-08-07', '12:47:44'),
	(825, 'giname819', 'gidesc819', 1, '2017-08-07', '12:47:44'),
	(826, 'giname820', 'gidesc820', 1, '2017-08-07', '12:47:44'),
	(827, 'giname821', 'gidesc821', 1, '2017-08-07', '12:47:44'),
	(828, 'giname822', 'gidesc822', 1, '2017-08-07', '12:47:44'),
	(829, 'giname823', 'gidesc823', 1, '2017-08-07', '12:47:44'),
	(830, 'giname824', 'gidesc824', 1, '2017-08-07', '12:47:44'),
	(831, 'giname825', 'gidesc825', 1, '2017-08-07', '12:47:44'),
	(832, 'giname826', 'gidesc826', 1, '2017-08-07', '12:47:44'),
	(833, 'giname827', 'gidesc827', 1, '2017-08-07', '12:47:44'),
	(834, 'giname828', 'gidesc828', 1, '2017-08-07', '12:47:44'),
	(835, 'giname829', 'gidesc829', 1, '2017-08-07', '12:47:44'),
	(836, 'giname830', 'gidesc830', 1, '2017-08-07', '12:47:44'),
	(837, 'giname831', 'gidesc831', 1, '2017-08-07', '12:47:44'),
	(838, 'giname832', 'gidesc832', 1, '2017-08-07', '12:47:44'),
	(839, 'giname833', 'gidesc833', 1, '2017-08-07', '12:47:44'),
	(840, 'giname834', 'gidesc834', 1, '2017-08-07', '12:47:44'),
	(841, 'giname835', 'gidesc835', 1, '2017-08-07', '12:47:44'),
	(842, 'giname836', 'gidesc836', 1, '2017-08-07', '12:47:44'),
	(843, 'giname837', 'gidesc837', 1, '2017-08-07', '12:47:44'),
	(844, 'giname838', 'gidesc838', 1, '2017-08-07', '12:47:44'),
	(845, 'giname839', 'gidesc839', 1, '2017-08-07', '12:47:44'),
	(846, 'giname840', 'gidesc840', 1, '2017-08-07', '12:47:44'),
	(847, 'giname841', 'gidesc841', 1, '2017-08-07', '12:47:44'),
	(848, 'giname842', 'gidesc842', 1, '2017-08-07', '12:47:44'),
	(849, 'giname843', 'gidesc843', 1, '2017-08-07', '12:47:44'),
	(850, 'giname844', 'gidesc844', 1, '2017-08-07', '12:47:44'),
	(851, 'giname845', 'gidesc845', 1, '2017-08-07', '12:47:44'),
	(852, 'giname846', 'gidesc846', 1, '2017-08-07', '12:47:44'),
	(853, 'giname847', 'gidesc847', 1, '2017-08-07', '12:47:44'),
	(854, 'giname848', 'gidesc848', 1, '2017-08-07', '12:47:44'),
	(855, 'giname849', 'gidesc849', 1, '2017-08-07', '12:47:44'),
	(856, 'giname850', 'gidesc850', 1, '2017-08-07', '12:47:44'),
	(857, 'giname851', 'gidesc851', 1, '2017-08-07', '12:47:44'),
	(858, 'giname852', 'gidesc852', 1, '2017-08-07', '12:47:44'),
	(859, 'giname853', 'gidesc853', 1, '2017-08-07', '12:47:44'),
	(860, 'giname854', 'gidesc854', 1, '2017-08-07', '12:47:44'),
	(861, 'giname855', 'gidesc855', 1, '2017-08-07', '12:47:44'),
	(862, 'giname856', 'gidesc856', 1, '2017-08-07', '12:47:44'),
	(863, 'giname857', 'gidesc857', 1, '2017-08-07', '12:47:44'),
	(864, 'giname858', 'gidesc858', 1, '2017-08-07', '12:47:44'),
	(865, 'giname859', 'gidesc859', 1, '2017-08-07', '12:47:44'),
	(866, 'giname860', 'gidesc860', 1, '2017-08-07', '12:47:44'),
	(867, 'giname861', 'gidesc861', 1, '2017-08-07', '12:47:44'),
	(868, 'giname862', 'gidesc862', 1, '2017-08-07', '12:47:44'),
	(869, 'giname863', 'gidesc863', 1, '2017-08-07', '12:47:44'),
	(870, 'giname864', 'gidesc864', 1, '2017-08-07', '12:47:44'),
	(871, 'giname865', 'gidesc865', 1, '2017-08-07', '12:47:44'),
	(872, 'giname866', 'gidesc866', 1, '2017-08-07', '12:47:44'),
	(873, 'giname867', 'gidesc867', 1, '2017-08-07', '12:47:44'),
	(874, 'giname868', 'gidesc868', 1, '2017-08-07', '12:47:44'),
	(875, 'giname869', 'gidesc869', 1, '2017-08-07', '12:47:44'),
	(876, 'giname870', 'gidesc870', 1, '2017-08-07', '12:47:44'),
	(877, 'giname871', 'gidesc871', 1, '2017-08-07', '12:47:44'),
	(878, 'giname872', 'gidesc872', 1, '2017-08-07', '12:47:44'),
	(879, 'giname873', 'gidesc873', 1, '2017-08-07', '12:47:44'),
	(880, 'giname874', 'gidesc874', 1, '2017-08-07', '12:47:44'),
	(881, 'giname875', 'gidesc875', 1, '2017-08-07', '12:47:44'),
	(882, 'giname876', 'gidesc876', 1, '2017-08-07', '12:47:44'),
	(883, 'giname877', 'gidesc877', 1, '2017-08-07', '12:47:44'),
	(884, 'giname878', 'gidesc878', 1, '2017-08-07', '12:47:44'),
	(885, 'giname879', 'gidesc879', 1, '2017-08-07', '12:47:44'),
	(886, 'giname880', 'gidesc880', 1, '2017-08-07', '12:47:44'),
	(887, 'giname881', 'gidesc881', 1, '2017-08-07', '12:47:44'),
	(888, 'giname882', 'gidesc882', 1, '2017-08-07', '12:47:44'),
	(889, 'giname883', 'gidesc883', 1, '2017-08-07', '12:47:44'),
	(890, 'giname884', 'gidesc884', 1, '2017-08-07', '12:47:44'),
	(891, 'giname885', 'gidesc885', 1, '2017-08-07', '12:47:44'),
	(892, 'giname886', 'gidesc886', 1, '2017-08-07', '12:47:44'),
	(893, 'giname887', 'gidesc887', 1, '2017-08-07', '12:47:44'),
	(894, 'giname888', 'gidesc888', 1, '2017-08-07', '12:47:44'),
	(895, 'giname889', 'gidesc889', 1, '2017-08-07', '12:47:44'),
	(896, 'giname890', 'gidesc890', 1, '2017-08-07', '12:47:44'),
	(897, 'giname891', 'gidesc891', 1, '2017-08-07', '12:47:44'),
	(898, 'giname892', 'gidesc892', 1, '2017-08-07', '12:47:44'),
	(899, 'giname893', 'gidesc893', 1, '2017-08-07', '12:47:44'),
	(900, 'giname894', 'gidesc894', 1, '2017-08-07', '12:47:44'),
	(901, 'giname895', 'gidesc895', 1, '2017-08-07', '12:47:44'),
	(902, 'giname896', 'gidesc896', 1, '2017-08-07', '12:47:44'),
	(903, 'giname897', 'gidesc897', 1, '2017-08-07', '12:47:44'),
	(904, 'giname898', 'gidesc898', 1, '2017-08-07', '12:47:44'),
	(905, 'giname899', 'gidesc899', 1, '2017-08-07', '12:47:44'),
	(906, 'giname900', 'gidesc900', 1, '2017-08-07', '12:47:44'),
	(907, 'giname901', 'gidesc901', 1, '2017-08-07', '12:47:44'),
	(908, 'giname902', 'gidesc902', 1, '2017-08-07', '12:47:44'),
	(909, 'giname903', 'gidesc903', 1, '2017-08-07', '12:47:44'),
	(910, 'giname904', 'gidesc904', 1, '2017-08-07', '12:47:44'),
	(911, 'giname905', 'gidesc905', 1, '2017-08-07', '12:47:44'),
	(912, 'giname906', 'gidesc906', 1, '2017-08-07', '12:47:44'),
	(913, 'giname907', 'gidesc907', 1, '2017-08-07', '12:47:44'),
	(914, 'giname908', 'gidesc908', 1, '2017-08-07', '12:47:44'),
	(915, 'giname909', 'gidesc909', 1, '2017-08-07', '12:47:44'),
	(916, 'giname910', 'gidesc910', 1, '2017-08-07', '12:47:44'),
	(917, 'giname911', 'gidesc911', 1, '2017-08-07', '12:47:44'),
	(918, 'giname912', 'gidesc912', 1, '2017-08-07', '12:47:44'),
	(919, 'giname913', 'gidesc913', 1, '2017-08-07', '12:47:44'),
	(920, 'giname914', 'gidesc914', 1, '2017-08-07', '12:47:44'),
	(921, 'giname915', 'gidesc915', 1, '2017-08-07', '12:47:44'),
	(922, 'giname916', 'gidesc916', 1, '2017-08-07', '12:47:44'),
	(923, 'giname917', 'gidesc917', 1, '2017-08-07', '12:47:44'),
	(924, 'giname918', 'gidesc918', 1, '2017-08-07', '12:47:44'),
	(925, 'giname919', 'gidesc919', 1, '2017-08-07', '12:47:44'),
	(926, 'giname920', 'gidesc920', 1, '2017-08-07', '12:47:44'),
	(927, 'giname921', 'gidesc921', 1, '2017-08-07', '12:47:44'),
	(928, 'giname922', 'gidesc922', 1, '2017-08-07', '12:47:44'),
	(929, 'giname923', 'gidesc923', 1, '2017-08-07', '12:47:44'),
	(930, 'giname924', 'gidesc924', 1, '2017-08-07', '12:47:44'),
	(931, 'giname925', 'gidesc925', 1, '2017-08-07', '12:47:44'),
	(932, 'giname926', 'gidesc926', 1, '2017-08-07', '12:47:44'),
	(933, 'giname927', 'gidesc927', 1, '2017-08-07', '12:47:44'),
	(934, 'giname928', 'gidesc928', 1, '2017-08-07', '12:47:44'),
	(935, 'giname929', 'gidesc929', 1, '2017-08-07', '12:47:44'),
	(936, 'giname930', 'gidesc930', 1, '2017-08-07', '12:47:44'),
	(937, 'giname931', 'gidesc931', 1, '2017-08-07', '12:47:44'),
	(938, 'giname932', 'gidesc932', 1, '2017-08-07', '12:47:44'),
	(939, 'giname933', 'gidesc933', 1, '2017-08-07', '12:47:44'),
	(940, 'giname934', 'gidesc934', 1, '2017-08-07', '12:47:44'),
	(941, 'giname935', 'gidesc935', 1, '2017-08-07', '12:47:44'),
	(942, 'giname936', 'gidesc936', 1, '2017-08-07', '12:47:44'),
	(943, 'giname937', 'gidesc937', 1, '2017-08-07', '12:47:44'),
	(944, 'giname938', 'gidesc938', 1, '2017-08-07', '12:47:44'),
	(945, 'giname939', 'gidesc939', 1, '2017-08-07', '12:47:44'),
	(946, 'giname940', 'gidesc940', 1, '2017-08-07', '12:47:44'),
	(947, 'giname941', 'gidesc941', 1, '2017-08-07', '12:47:44'),
	(948, 'giname942', 'gidesc942', 1, '2017-08-07', '12:47:44'),
	(949, 'giname943', 'gidesc943', 1, '2017-08-07', '12:47:44'),
	(950, 'giname944', 'gidesc944', 1, '2017-08-07', '12:47:44'),
	(951, 'giname945', 'gidesc945', 1, '2017-08-07', '12:47:44'),
	(952, 'giname946', 'gidesc946', 1, '2017-08-07', '12:47:44'),
	(953, 'giname947', 'gidesc947', 1, '2017-08-07', '12:47:44'),
	(954, 'giname948', 'gidesc948', 1, '2017-08-07', '12:47:44'),
	(955, 'giname949', 'gidesc949', 1, '2017-08-07', '12:47:44'),
	(956, 'giname950', 'gidesc950', 1, '2017-08-07', '12:47:44'),
	(957, 'giname951', 'gidesc951', 1, '2017-08-07', '12:47:44'),
	(958, 'giname952', 'gidesc952', 1, '2017-08-07', '12:47:44'),
	(959, 'giname953', 'gidesc953', 1, '2017-08-07', '12:47:44'),
	(960, 'giname954', 'gidesc954', 1, '2017-08-07', '12:47:44'),
	(961, 'giname955', 'gidesc955', 1, '2017-08-07', '12:47:44'),
	(962, 'giname956', 'gidesc956', 1, '2017-08-07', '12:47:44'),
	(963, 'giname957', 'gidesc957', 1, '2017-08-07', '12:47:44'),
	(964, 'giname958', 'gidesc958', 1, '2017-08-07', '12:47:44'),
	(965, 'giname959', 'gidesc959', 1, '2017-08-07', '12:47:44'),
	(966, 'giname960', 'gidesc960', 1, '2017-08-07', '12:47:44'),
	(967, 'giname961', 'gidesc961', 1, '2017-08-07', '12:47:44'),
	(968, 'giname962', 'gidesc962', 1, '2017-08-07', '12:47:44'),
	(969, 'giname963', 'gidesc963', 1, '2017-08-07', '12:47:44'),
	(970, 'giname964', 'gidesc964', 1, '2017-08-07', '12:47:44'),
	(971, 'giname965', 'gidesc965', 1, '2017-08-07', '12:47:44'),
	(972, 'giname966', 'gidesc966', 1, '2017-08-07', '12:47:44'),
	(973, 'giname967', 'gidesc967', 1, '2017-08-07', '12:47:44'),
	(974, 'giname968', 'gidesc968', 1, '2017-08-07', '12:47:44'),
	(975, 'giname969', 'gidesc969', 1, '2017-08-07', '12:47:44'),
	(976, 'giname970', 'gidesc970', 1, '2017-08-07', '12:47:44'),
	(977, 'giname971', 'gidesc971', 1, '2017-08-07', '12:47:44'),
	(978, 'giname972', 'gidesc972', 1, '2017-08-07', '12:47:44'),
	(979, 'giname973', 'gidesc973', 1, '2017-08-07', '12:47:44'),
	(980, 'giname974', 'gidesc974', 1, '2017-08-07', '12:47:44'),
	(981, 'giname975', 'gidesc975', 1, '2017-08-07', '12:47:44'),
	(982, 'giname976', 'gidesc976', 1, '2017-08-07', '12:47:44'),
	(983, 'giname977', 'gidesc977', 1, '2017-08-07', '12:47:44'),
	(984, 'giname978', 'gidesc978', 1, '2017-08-07', '12:47:44'),
	(985, 'giname979', 'gidesc979', 1, '2017-08-07', '12:47:44'),
	(986, 'giname980', 'gidesc980', 1, '2017-08-07', '12:47:44'),
	(987, 'giname981', 'gidesc981', 1, '2017-08-07', '12:47:44'),
	(988, 'giname982', 'gidesc982', 1, '2017-08-07', '12:47:44'),
	(989, 'giname983', 'gidesc983', 1, '2017-08-07', '12:47:44'),
	(990, 'giname984', 'gidesc984', 1, '2017-08-07', '12:47:44'),
	(991, 'giname985', 'gidesc985', 1, '2017-08-07', '12:47:44'),
	(992, 'giname986', 'gidesc986', 1, '2017-08-07', '12:47:44'),
	(993, 'giname987', 'gidesc987', 1, '2017-08-07', '12:47:44'),
	(994, 'giname988', 'gidesc988', 1, '2017-08-07', '12:47:44'),
	(995, 'giname989', 'gidesc989', 1, '2017-08-07', '12:47:44'),
	(996, 'giname990', 'gidesc990', 1, '2017-08-07', '12:47:44'),
	(997, 'giname991', 'gidesc991', 1, '2017-08-07', '12:47:44'),
	(998, 'giname992', 'gidesc992', 1, '2017-08-07', '12:47:44'),
	(999, 'giname993', 'gidesc993', 1, '2017-08-07', '12:47:44'),
	(1000, 'giname994', 'gidesc994', 1, '2017-08-07', '12:47:44'),
	(1001, 'giname995', 'gidesc995', 1, '2017-08-07', '12:47:44'),
	(1002, 'giname996', 'gidesc996', 1, '2017-08-07', '12:47:44'),
	(1003, 'giname997', 'gidesc997', 1, '2017-08-07', '12:47:44'),
	(1004, 'giname998', 'gidesc998', 1, '2017-08-07', '12:47:44'),
	(1005, 'giname999', 'gidesc999', 1, '2017-08-07', '12:47:44'),
	(1006, 'giname1000', 'gidesc1000', 1, '2017-08-07', '12:47:44'),
	(1007, '후룰루', '이상한일꾼', 3, '2017-08-14', '16:44:45'),
	(1008, '지훈오빠', '개잘함', 3, '2017-08-14', '16:59:37'),
	(1009, '유후', '후후', 3, '2017-08-14', '17:02:34'),
	(1013, 'dqwew', 'qwerwq', 3, '2017-08-18', '12:15:00'),
	(1014, 'ㄹㄹ', 'ㄹ', 2, '2017-09-07', '15:24:22'),
	(1015, 'ㅇㅇ', 'ㅇㅇ', 1, '2017-09-07', '16:31:32'),
	(1016, 'test01', 'test01', 2, '2017-09-07', '16:34:38'),
	(1018, '22', '22', 1, '2017-09-07', '17:37:51'),
	(1020, 'dwqdwq', 'qwdqwewqe', 4, '2017-09-11', '14:15:05'),
	(1021, 'dwqdwq', 'qwdqwewqe', 4, '2017-09-11', '14:15:11'),
	(1022, 'wqdqwe', 'qwrqwrwqe', 1, '2017-09-11', '14:15:15'),
	(1023, 'dwqdwq', 'qwdqwewqe', 4, '2017-09-11', '14:15:15'),
	(1024, 'hhh', 'hh', 1, '2017-09-11', '14:15:47'),
	(1025, 'dwe', 'qweqwe', 5, '2017-09-11', '15:37:35');
/*!40000 ALTER TABLE `goods_info` ENABLE KEYS */;

-- 테이블 iot.goods_info_test 구조 내보내기
CREATE TABLE IF NOT EXISTS `goods_info_test` (
  `ginum` int(11) NOT NULL DEFAULT 0,
  `giname` varchar(200) NOT NULL,
  `gidesc` varchar(300) NOT NULL,
  `vinum` int(11) NOT NULL,
  `gidate` varchar(10) DEFAULT NULL,
  `gitime` varchar(10) DEFAULT NULL
) ENGINE=InnoDB DEFAULT CHARSET=utf8;

-- 테이블 데이터 iot.goods_info_test:~1,006 rows (대략적) 내보내기
DELETE FROM `goods_info_test`;
/*!40000 ALTER TABLE `goods_info_test` DISABLE KEYS */;
INSERT INTO `goods_info_test` (`ginum`, `giname`, `gidesc`, `vinum`, `gidate`, `gitime`) VALUES
	(1, '박경훈사원5', '똑똑한일꾼', 1, '20:17:-0', '11::0:7:'),
	(2, '임혜진사장2', '똑똑한사장님', 3, '2017-08-04', '11:08:07'),
	(3, '김정규부장', '똑똑한부장', 1, '2017-08-04', '11:09:22'),
	(4, '우성씨', '키큰부장님', 3, '2017-08-04', '15:57:35'),
	(5, '신똥', '혼자사장', 2, '2017-08-04', '15:58:18'),
	(9, '아리가또', '고자이마스', 3, '2017-08-07', '12:47:44'),
	(12, 'test03', 'test03', 2, '2017-08-07', '12:47:44'),
	(13, 'test04', 'test04', 1, '2017-08-07', '12:47:44'),
	(20, 'giname14', 'gidesc14', 1, '2017-08-07', '12:47:44'),
	(21, 'giname15', 'gidesc15', 1, '2017-08-07', '12:47:44'),
	(22, 'giname16', 'gidesc16', 1, '2017-08-07', '12:47:44'),
	(23, 'giname17', 'gidesc17', 1, '2017-08-07', '12:47:44'),
	(24, 'giname18', 'gidesc18', 1, '2017-08-07', '12:47:44'),
	(25, 'giname19', 'gidesc19', 1, '2017-08-07', '12:47:44'),
	(26, 'giname20', 'gidesc20', 1, '2017-08-07', '12:47:44'),
	(27, 'giname21', 'gidesc21', 1, '2017-08-07', '12:47:44'),
	(28, 'giname22', 'gidesc22', 1, '2017-08-07', '12:47:44'),
	(29, 'giname23', 'gidesc23', 1, '2017-08-07', '12:47:44'),
	(30, 'giname24', 'gidesc24', 1, '2017-08-07', '12:47:44'),
	(31, 'giname25', 'gidesc25', 1, '2017-08-07', '12:47:44'),
	(32, 'giname26', 'gidesc26', 1, '2017-08-07', '12:47:44'),
	(33, 'giname27', 'gidesc27', 1, '2017-08-07', '12:47:44'),
	(34, 'giname28', 'gidesc28', 1, '2017-08-07', '12:47:44'),
	(35, 'giname29', 'gidesc29', 1, '2017-08-07', '12:47:44'),
	(36, 'giname30', 'gidesc30', 1, '2017-08-07', '12:47:44'),
	(37, 'giname31', 'gidesc31', 1, '2017-08-07', '12:47:44'),
	(38, 'giname32', 'gidesc32', 1, '2017-08-07', '12:47:44'),
	(39, 'giname33', 'gidesc33', 1, '2017-08-07', '12:47:44'),
	(40, 'giname34', 'gidesc34', 1, '2017-08-07', '12:47:44'),
	(41, 'giname35', 'gidesc35', 1, '2017-08-07', '12:47:44'),
	(42, 'giname36', 'gidesc36', 1, '2017-08-07', '12:47:44'),
	(43, 'giname37', 'gidesc37', 1, '2017-08-07', '12:47:44'),
	(44, 'giname38', 'gidesc38', 1, '2017-08-07', '12:47:44'),
	(45, 'giname39', 'gidesc39', 1, '2017-08-07', '12:47:44'),
	(46, 'giname40', 'gidesc40', 1, '2017-08-07', '12:47:44'),
	(47, 'giname41', 'gidesc41', 1, '2017-08-07', '12:47:44'),
	(48, 'giname42', 'gidesc42', 1, '2017-08-07', '12:47:44'),
	(49, 'giname43', 'gidesc43', 1, '2017-08-07', '12:47:44'),
	(50, 'giname44', 'gidesc44', 1, '2017-08-07', '12:47:44'),
	(51, 'giname45', 'gidesc45', 1, '2017-08-07', '12:47:44'),
	(52, 'giname46', 'gidesc46', 1, '2017-08-07', '12:47:44'),
	(53, 'giname47', 'gidesc47', 1, '2017-08-07', '12:47:44'),
	(54, 'giname48', 'gidesc48', 1, '2017-08-07', '12:47:44'),
	(55, 'giname49', 'gidesc49', 1, '2017-08-07', '12:47:44'),
	(56, 'giname50', 'gidesc50', 1, '2017-08-07', '12:47:44'),
	(57, 'giname51', 'gidesc51', 1, '2017-08-07', '12:47:44'),
	(58, 'giname52', 'gidesc52', 1, '2017-08-07', '12:47:44'),
	(59, 'giname53', 'gidesc53', 1, '2017-08-07', '12:47:44'),
	(60, 'giname54', 'gidesc54', 1, '2017-08-07', '12:47:44'),
	(61, 'giname55', 'gidesc55', 1, '2017-08-07', '12:47:44'),
	(62, 'giname56', 'gidesc56', 1, '2017-08-07', '12:47:44'),
	(63, 'giname57', 'gidesc57', 1, '2017-08-07', '12:47:44'),
	(64, 'giname58', 'gidesc58', 1, '2017-08-07', '12:47:44'),
	(65, 'giname59', 'gidesc59', 1, '2017-08-07', '12:47:44'),
	(66, 'giname60', 'gidesc60', 1, '2017-08-07', '12:47:44'),
	(67, 'giname61', 'gidesc61', 1, '2017-08-07', '12:47:44'),
	(68, 'giname62', 'gidesc62', 1, '2017-08-07', '12:47:44'),
	(69, 'giname63', 'gidesc63', 1, '2017-08-07', '12:47:44'),
	(70, 'giname64', 'gidesc64', 1, '2017-08-07', '12:47:44'),
	(71, 'giname65', 'gidesc65', 1, '2017-08-07', '12:47:44'),
	(72, 'giname66', 'gidesc66', 1, '2017-08-07', '12:47:44'),
	(73, 'giname67', 'gidesc67', 1, '2017-08-07', '12:47:44'),
	(74, 'giname68', 'gidesc68', 1, '2017-08-07', '12:47:44'),
	(75, 'giname69', 'gidesc69', 1, '2017-08-07', '12:47:44'),
	(76, 'giname70', 'gidesc70', 1, '2017-08-07', '12:47:44'),
	(77, 'giname71', 'gidesc71', 1, '2017-08-07', '12:47:44'),
	(78, 'giname72', 'gidesc72', 1, '2017-08-07', '12:47:44'),
	(80, 'giname74', 'gidesc74', 1, '2017-08-07', '12:47:44'),
	(81, 'giname75', 'gidesc75', 1, '2017-08-07', '12:47:44'),
	(82, 'giname76', 'gidesc76', 1, '2017-08-07', '12:47:44'),
	(83, 'giname77', 'gidesc77', 1, '2017-08-07', '12:47:44'),
	(84, 'giname78', 'gidesc78', 1, '2017-08-07', '12:47:44'),
	(85, 'giname79', 'gidesc79', 1, '2017-08-07', '12:47:44'),
	(86, 'giname80', 'gidesc80', 1, '2017-08-07', '12:47:44'),
	(87, 'giname81', 'gidesc81', 1, '2017-08-07', '12:47:44'),
	(88, 'giname82', 'gidesc82', 1, '2017-08-07', '12:47:44'),
	(89, 'giname83', 'gidesc83', 1, '2017-08-07', '12:47:44'),
	(90, 'giname84', 'gidesc84', 1, '2017-08-07', '12:47:44'),
	(91, 'giname85', 'gidesc85', 1, '2017-08-07', '12:47:44'),
	(92, 'giname86', 'gidesc86', 1, '2017-08-07', '12:47:44'),
	(93, 'giname87', 'gidesc87', 1, '2017-08-07', '12:47:44'),
	(94, 'giname88', 'gidesc88', 1, '2017-08-07', '12:47:44'),
	(95, 'giname89', 'gidesc89', 1, '2017-08-07', '12:47:44'),
	(96, 'giname90', 'gidesc90', 1, '2017-08-07', '12:47:44'),
	(97, 'giname91', 'gidesc91', 1, '2017-08-07', '12:47:44'),
	(98, 'giname92', 'gidesc92', 1, '2017-08-07', '12:47:44'),
	(99, 'giname93', 'gidesc93', 1, '2017-08-07', '12:47:44'),
	(100, 'giname94', 'gidesc94', 1, '2017-08-07', '12:47:44'),
	(101, 'giname95', 'gidesc95', 1, '2017-08-07', '12:47:44'),
	(102, 'giname96', 'gidesc96', 1, '2017-08-07', '12:47:44'),
	(103, 'giname97', 'gidesc97', 1, '2017-08-07', '12:47:44'),
	(104, 'giname98', 'gidesc98', 1, '2017-08-07', '12:47:44'),
	(105, 'giname99', 'gidesc99', 1, '2017-08-07', '12:47:44'),
	(106, 'giname100', 'gidesc100', 1, '2017-08-07', '12:47:44'),
	(107, 'giname101', 'gidesc101', 1, '2017-08-07', '12:47:44'),
	(108, 'giname102', 'gidesc102', 1, '2017-08-07', '12:47:44'),
	(109, 'giname103', 'gidesc103', 1, '2017-08-07', '12:47:44'),
	(110, 'giname104', 'gidesc104', 1, '2017-08-07', '12:47:44'),
	(111, 'giname105', 'gidesc105', 1, '2017-08-07', '12:47:44'),
	(112, 'giname106', 'gidesc106', 1, '2017-08-07', '12:47:44'),
	(113, 'giname107', 'gidesc107', 1, '2017-08-07', '12:47:44'),
	(114, 'giname108', 'gidesc108', 1, '2017-08-07', '12:47:44'),
	(115, 'giname109', 'gidesc109', 1, '2017-08-07', '12:47:44'),
	(116, 'giname110', 'gidesc110', 1, '2017-08-07', '12:47:44'),
	(117, 'giname111', 'gidesc111', 1, '2017-08-07', '12:47:44'),
	(118, 'giname112', 'gidesc112', 1, '2017-08-07', '12:47:44'),
	(119, 'giname113', 'gidesc113', 1, '2017-08-07', '12:47:44'),
	(120, 'giname114', 'gidesc114', 1, '2017-08-07', '12:47:44'),
	(121, 'giname115', 'gidesc115', 1, '2017-08-07', '12:47:44'),
	(122, 'giname116', 'gidesc116', 1, '2017-08-07', '12:47:44'),
	(123, 'giname117', 'gidesc117', 1, '2017-08-07', '12:47:44'),
	(124, 'giname118', 'gidesc118', 1, '2017-08-07', '12:47:44'),
	(125, 'giname119', 'gidesc119', 1, '2017-08-07', '12:47:44'),
	(126, 'giname120', 'gidesc120', 1, '2017-08-07', '12:47:44'),
	(127, 'giname121', 'gidesc121', 1, '2017-08-07', '12:47:44'),
	(128, 'giname122', 'gidesc122', 1, '2017-08-07', '12:47:44'),
	(129, 'giname123', 'gidesc123', 1, '2017-08-07', '12:47:44'),
	(130, 'giname124', 'gidesc124', 1, '2017-08-07', '12:47:44'),
	(131, 'giname125', 'gidesc125', 1, '2017-08-07', '12:47:44'),
	(132, 'giname126', 'gidesc126', 1, '2017-08-07', '12:47:44'),
	(133, 'giname127', 'gidesc127', 1, '2017-08-07', '12:47:44'),
	(134, 'giname128', 'gidesc128', 1, '2017-08-07', '12:47:44'),
	(135, 'giname129', 'gidesc129', 1, '2017-08-07', '12:47:44'),
	(136, 'giname130', 'gidesc130', 1, '2017-08-07', '12:47:44'),
	(137, 'giname131', 'gidesc131', 1, '2017-08-07', '12:47:44'),
	(138, 'giname132', 'gidesc132', 1, '2017-08-07', '12:47:44'),
	(139, 'giname133', 'gidesc133', 1, '2017-08-07', '12:47:44'),
	(140, 'giname134', 'gidesc134', 1, '2017-08-07', '12:47:44'),
	(141, 'giname135', 'gidesc135', 1, '2017-08-07', '12:47:44'),
	(142, 'giname136', 'gidesc136', 1, '2017-08-07', '12:47:44'),
	(143, 'giname137', 'gidesc137', 1, '2017-08-07', '12:47:44'),
	(144, 'giname138', 'gidesc138', 1, '2017-08-07', '12:47:44'),
	(145, 'giname139', 'gidesc139', 1, '2017-08-07', '12:47:44'),
	(146, 'giname140', 'gidesc140', 1, '2017-08-07', '12:47:44'),
	(147, 'giname141', 'gidesc141', 1, '2017-08-07', '12:47:44'),
	(148, 'giname142', 'gidesc142', 1, '2017-08-07', '12:47:44'),
	(149, 'giname143', 'gidesc143', 1, '2017-08-07', '12:47:44'),
	(150, 'giname144', 'gidesc144', 1, '2017-08-07', '12:47:44'),
	(151, 'giname145', 'gidesc145', 1, '2017-08-07', '12:47:44'),
	(152, 'giname146', 'gidesc146', 1, '2017-08-07', '12:47:44'),
	(153, 'giname147', 'gidesc147', 1, '2017-08-07', '12:47:44'),
	(154, 'giname148', 'gidesc148', 1, '2017-08-07', '12:47:44'),
	(155, 'giname149', 'gidesc149', 1, '2017-08-07', '12:47:44'),
	(156, 'giname150', 'gidesc150', 1, '2017-08-07', '12:47:44'),
	(157, 'giname151', 'gidesc151', 1, '2017-08-07', '12:47:44'),
	(158, 'giname152', 'gidesc152', 1, '2017-08-07', '12:47:44'),
	(159, 'giname153', 'gidesc153', 1, '2017-08-07', '12:47:44'),
	(160, 'giname154', 'gidesc154', 1, '2017-08-07', '12:47:44'),
	(161, 'giname155', 'gidesc155', 1, '2017-08-07', '12:47:44'),
	(162, 'giname156', 'gidesc156', 1, '2017-08-07', '12:47:44'),
	(163, 'giname157', 'gidesc157', 1, '2017-08-07', '12:47:44'),
	(164, 'giname158', 'gidesc158', 1, '2017-08-07', '12:47:44'),
	(165, 'giname159', 'gidesc159', 1, '2017-08-07', '12:47:44'),
	(166, 'giname160', 'gidesc160', 1, '2017-08-07', '12:47:44'),
	(167, 'giname161', 'gidesc161', 1, '2017-08-07', '12:47:44'),
	(168, 'giname162', 'gidesc162', 1, '2017-08-07', '12:47:44'),
	(169, 'giname163', 'gidesc163', 1, '2017-08-07', '12:47:44'),
	(170, 'giname164', 'gidesc164', 1, '2017-08-07', '12:47:44'),
	(171, 'giname165', 'gidesc165', 1, '2017-08-07', '12:47:44'),
	(172, 'giname166', 'gidesc166', 1, '2017-08-07', '12:47:44'),
	(173, 'giname167', 'gidesc167', 1, '2017-08-07', '12:47:44'),
	(174, 'giname168', 'gidesc168', 1, '2017-08-07', '12:47:44'),
	(175, 'giname169', 'gidesc169', 1, '2017-08-07', '12:47:44'),
	(176, 'giname170', 'gidesc170', 1, '2017-08-07', '12:47:44'),
	(177, 'giname171', 'gidesc171', 1, '2017-08-07', '12:47:44'),
	(178, 'giname172', 'gidesc172', 1, '2017-08-07', '12:47:44'),
	(179, 'giname173', 'gidesc173', 1, '2017-08-07', '12:47:44'),
	(180, 'giname174', 'gidesc174', 1, '2017-08-07', '12:47:44'),
	(181, 'giname175', 'gidesc175', 1, '2017-08-07', '12:47:44'),
	(182, 'giname176', 'gidesc176', 1, '2017-08-07', '12:47:44'),
	(183, 'giname177', 'gidesc177', 1, '2017-08-07', '12:47:44'),
	(184, 'giname178', 'gidesc178', 1, '2017-08-07', '12:47:44'),
	(185, 'giname179', 'gidesc179', 1, '2017-08-07', '12:47:44'),
	(186, 'giname180', 'gidesc180', 1, '2017-08-07', '12:47:44'),
	(187, 'giname181', 'gidesc181', 1, '2017-08-07', '12:47:44'),
	(188, 'giname182', 'gidesc182', 1, '2017-08-07', '12:47:44'),
	(189, 'giname183', 'gidesc183', 1, '2017-08-07', '12:47:44'),
	(190, 'giname184', 'gidesc184', 1, '2017-08-07', '12:47:44'),
	(191, 'giname185', 'gidesc185', 1, '2017-08-07', '12:47:44'),
	(192, 'giname186', 'gidesc186', 1, '2017-08-07', '12:47:44'),
	(193, 'giname187', 'gidesc187', 1, '2017-08-07', '12:47:44'),
	(194, 'giname188', 'gidesc188', 1, '2017-08-07', '12:47:44'),
	(195, 'giname189', 'gidesc189', 1, '2017-08-07', '12:47:44'),
	(196, 'giname190', 'gidesc190', 1, '2017-08-07', '12:47:44'),
	(197, 'giname191', 'gidesc191', 1, '2017-08-07', '12:47:44'),
	(198, 'giname192', 'gidesc192', 1, '2017-08-07', '12:47:44'),
	(199, 'giname193', 'gidesc193', 1, '2017-08-07', '12:47:44'),
	(200, 'giname194', 'gidesc194', 1, '2017-08-07', '12:47:44'),
	(201, 'giname195', 'gidesc195', 1, '2017-08-07', '12:47:44'),
	(202, 'giname196', 'gidesc196', 1, '2017-08-07', '12:47:44'),
	(203, 'giname197', 'gidesc197', 1, '2017-08-07', '12:47:44'),
	(204, 'giname198', 'gidesc198', 1, '2017-08-07', '12:47:44'),
	(205, 'giname199', 'gidesc199', 1, '2017-08-07', '12:47:44'),
	(206, 'giname200', 'gidesc200', 1, '2017-08-07', '12:47:44'),
	(207, 'giname201', 'gidesc201', 1, '2017-08-07', '12:47:44'),
	(208, 'giname202', 'gidesc202', 1, '2017-08-07', '12:47:44'),
	(209, 'giname203', 'gidesc203', 1, '2017-08-07', '12:47:44'),
	(210, 'giname204', 'gidesc204', 1, '2017-08-07', '12:47:44'),
	(211, 'giname205', 'gidesc205', 1, '2017-08-07', '12:47:44'),
	(212, 'giname206', 'gidesc206', 1, '2017-08-07', '12:47:44'),
	(213, 'giname207', 'gidesc207', 1, '2017-08-07', '12:47:44'),
	(214, 'giname208', 'gidesc208', 1, '2017-08-07', '12:47:44'),
	(215, 'giname209', 'gidesc209', 1, '2017-08-07', '12:47:44'),
	(216, 'giname210', 'gidesc210', 1, '2017-08-07', '12:47:44'),
	(217, 'giname211', 'gidesc211', 1, '2017-08-07', '12:47:44'),
	(218, 'giname212', 'gidesc212', 1, '2017-08-07', '12:47:44'),
	(219, 'giname213', 'gidesc213', 1, '2017-08-07', '12:47:44'),
	(220, 'giname214', 'gidesc214', 1, '2017-08-07', '12:47:44'),
	(221, 'giname215', 'gidesc215', 1, '2017-08-07', '12:47:44'),
	(222, 'giname216', 'gidesc216', 1, '2017-08-07', '12:47:44'),
	(223, 'giname217', 'gidesc217', 1, '2017-08-07', '12:47:44'),
	(224, 'giname218', 'gidesc218', 1, '2017-08-07', '12:47:44'),
	(225, 'giname219', 'gidesc219', 1, '2017-08-07', '12:47:44'),
	(226, 'giname220', 'gidesc220', 1, '2017-08-07', '12:47:44'),
	(227, 'giname221', 'gidesc221', 1, '2017-08-07', '12:47:44'),
	(228, 'giname222', 'gidesc222', 1, '2017-08-07', '12:47:44'),
	(229, 'giname223', 'gidesc223', 1, '2017-08-07', '12:47:44'),
	(230, 'giname224', 'gidesc224', 1, '2017-08-07', '12:47:44'),
	(231, 'giname225', 'gidesc225', 1, '2017-08-07', '12:47:44'),
	(232, 'giname226', 'gidesc226', 1, '2017-08-07', '12:47:44'),
	(233, 'giname227', 'gidesc227', 1, '2017-08-07', '12:47:44'),
	(234, 'giname228', 'gidesc228', 1, '2017-08-07', '12:47:44'),
	(235, 'giname229', 'gidesc229', 1, '2017-08-07', '12:47:44'),
	(236, 'giname230', 'gidesc230', 1, '2017-08-07', '12:47:44'),
	(237, 'giname231', 'gidesc231', 1, '2017-08-07', '12:47:44'),
	(238, 'giname232', 'gidesc232', 1, '2017-08-07', '12:47:44'),
	(239, 'giname233', 'gidesc233', 1, '2017-08-07', '12:47:44'),
	(240, 'giname234', 'gidesc234', 1, '2017-08-07', '12:47:44'),
	(241, 'giname235', 'gidesc235', 1, '2017-08-07', '12:47:44'),
	(242, 'giname236', 'gidesc236', 1, '2017-08-07', '12:47:44'),
	(243, 'giname237', 'gidesc237', 1, '2017-08-07', '12:47:44'),
	(244, 'giname238', 'gidesc238', 1, '2017-08-07', '12:47:44'),
	(245, 'giname239', 'gidesc239', 1, '2017-08-07', '12:47:44'),
	(246, 'giname240', 'gidesc240', 1, '2017-08-07', '12:47:44'),
	(247, 'giname241', 'gidesc241', 1, '2017-08-07', '12:47:44'),
	(248, 'giname242', 'gidesc242', 1, '2017-08-07', '12:47:44'),
	(249, 'giname243', 'gidesc243', 1, '2017-08-07', '12:47:44'),
	(250, 'giname244', 'gidesc244', 1, '2017-08-07', '12:47:44'),
	(251, 'giname245', 'gidesc245', 1, '2017-08-07', '12:47:44'),
	(252, 'giname246', 'gidesc246', 1, '2017-08-07', '12:47:44'),
	(253, 'giname247', 'gidesc247', 1, '2017-08-07', '12:47:44'),
	(254, 'giname248', 'gidesc248', 1, '2017-08-07', '12:47:44'),
	(255, 'giname249', 'gidesc249', 1, '2017-08-07', '12:47:44'),
	(256, 'giname250', 'gidesc250', 1, '2017-08-07', '12:47:44'),
	(257, 'giname251', 'gidesc251', 1, '2017-08-07', '12:47:44'),
	(258, 'giname252', 'gidesc252', 1, '2017-08-07', '12:47:44'),
	(259, 'giname253', 'gidesc253', 1, '2017-08-07', '12:47:44'),
	(260, 'giname254', 'gidesc254', 1, '2017-08-07', '12:47:44'),
	(261, 'giname255', 'gidesc255', 1, '2017-08-07', '12:47:44'),
	(262, 'giname256', 'gidesc256', 1, '2017-08-07', '12:47:44'),
	(263, 'giname257', 'gidesc257', 1, '2017-08-07', '12:47:44'),
	(264, 'giname258', 'gidesc258', 1, '2017-08-07', '12:47:44'),
	(265, 'giname259', 'gidesc259', 1, '2017-08-07', '12:47:44'),
	(266, 'giname260', 'gidesc260', 1, '2017-08-07', '12:47:44'),
	(267, 'giname261', 'gidesc261', 1, '2017-08-07', '12:47:44'),
	(268, 'giname262', 'gidesc262', 1, '2017-08-07', '12:47:44'),
	(269, 'giname263', 'gidesc263', 1, '2017-08-07', '12:47:44'),
	(270, 'giname264', 'gidesc264', 1, '2017-08-07', '12:47:44'),
	(271, 'giname265', 'gidesc265', 1, '2017-08-07', '12:47:44'),
	(272, 'giname266', 'gidesc266', 1, '2017-08-07', '12:47:44'),
	(273, 'giname267', 'gidesc267', 1, '2017-08-07', '12:47:44'),
	(274, 'giname268', 'gidesc268', 1, '2017-08-07', '12:47:44'),
	(275, 'giname269', 'gidesc269', 1, '2017-08-07', '12:47:44'),
	(276, 'giname270', 'gidesc270', 1, '2017-08-07', '12:47:44'),
	(277, 'giname271', 'gidesc271', 1, '2017-08-07', '12:47:44'),
	(278, 'giname272', 'gidesc272', 1, '2017-08-07', '12:47:44'),
	(279, 'giname273', 'gidesc273', 1, '2017-08-07', '12:47:44'),
	(280, 'giname274', 'gidesc274', 1, '2017-08-07', '12:47:44'),
	(281, 'giname275', 'gidesc275', 1, '2017-08-07', '12:47:44'),
	(282, 'giname276', 'gidesc276', 1, '2017-08-07', '12:47:44'),
	(283, 'giname277', 'gidesc277', 1, '2017-08-07', '12:47:44'),
	(284, 'giname278', 'gidesc278', 1, '2017-08-07', '12:47:44'),
	(285, 'giname279', 'gidesc279', 1, '2017-08-07', '12:47:44'),
	(286, 'giname280', 'gidesc280', 1, '2017-08-07', '12:47:44'),
	(287, 'giname281', 'gidesc281', 1, '2017-08-07', '12:47:44'),
	(288, 'giname282', 'gidesc282', 1, '2017-08-07', '12:47:44'),
	(289, 'giname283', 'gidesc283', 1, '2017-08-07', '12:47:44'),
	(290, 'giname284', 'gidesc284', 1, '2017-08-07', '12:47:44'),
	(291, 'giname285', 'gidesc285', 1, '2017-08-07', '12:47:44'),
	(292, 'giname286', 'gidesc286', 1, '2017-08-07', '12:47:44'),
	(293, 'giname287', 'gidesc287', 1, '2017-08-07', '12:47:44'),
	(294, 'giname288', 'gidesc288', 1, '2017-08-07', '12:47:44'),
	(295, 'giname289', 'gidesc289', 1, '2017-08-07', '12:47:44'),
	(296, 'giname290', 'gidesc290', 1, '2017-08-07', '12:47:44'),
	(297, 'giname291', 'gidesc291', 1, '2017-08-07', '12:47:44'),
	(298, 'giname292', 'gidesc292', 1, '2017-08-07', '12:47:44'),
	(299, 'giname293', 'gidesc293', 1, '2017-08-07', '12:47:44'),
	(300, 'giname294', 'gidesc294', 1, '2017-08-07', '12:47:44'),
	(301, 'giname295', 'gidesc295', 1, '2017-08-07', '12:47:44'),
	(302, 'giname296', 'gidesc296', 1, '2017-08-07', '12:47:44'),
	(303, 'giname297', 'gidesc297', 1, '2017-08-07', '12:47:44'),
	(304, 'giname298', 'gidesc298', 1, '2017-08-07', '12:47:44'),
	(305, 'giname299', 'gidesc299', 1, '2017-08-07', '12:47:44'),
	(306, 'giname300', 'gidesc300', 1, '2017-08-07', '12:47:44'),
	(307, 'giname301', 'gidesc301', 1, '2017-08-07', '12:47:44'),
	(308, 'giname302', 'gidesc302', 1, '2017-08-07', '12:47:44'),
	(309, 'giname303', 'gidesc303', 1, '2017-08-07', '12:47:44'),
	(310, 'giname304', 'gidesc304', 1, '2017-08-07', '12:47:44'),
	(311, 'giname305', 'gidesc305', 1, '2017-08-07', '12:47:44'),
	(312, 'giname306', 'gidesc306', 1, '2017-08-07', '12:47:44'),
	(313, 'giname307', 'gidesc307', 1, '2017-08-07', '12:47:44'),
	(314, 'giname308', 'gidesc308', 1, '2017-08-07', '12:47:44'),
	(315, 'giname309', 'gidesc309', 1, '2017-08-07', '12:47:44'),
	(316, 'giname310', 'gidesc310', 1, '2017-08-07', '12:47:44'),
	(317, 'giname311', 'gidesc311', 1, '2017-08-07', '12:47:44'),
	(318, 'giname312', 'gidesc312', 1, '2017-08-07', '12:47:44'),
	(319, 'giname313', 'gidesc313', 1, '2017-08-07', '12:47:44'),
	(320, 'giname314', 'gidesc314', 1, '2017-08-07', '12:47:44'),
	(321, 'giname315', 'gidesc315', 1, '2017-08-07', '12:47:44'),
	(322, 'giname316', 'gidesc316', 1, '2017-08-07', '12:47:44'),
	(323, 'giname317', 'gidesc317', 1, '2017-08-07', '12:47:44'),
	(324, 'giname318', 'gidesc318', 1, '2017-08-07', '12:47:44'),
	(325, 'giname319', 'gidesc319', 1, '2017-08-07', '12:47:44'),
	(326, 'giname320', 'gidesc320', 1, '2017-08-07', '12:47:44'),
	(327, 'giname321', 'gidesc321', 1, '2017-08-07', '12:47:44'),
	(328, 'giname322', 'gidesc322', 1, '2017-08-07', '12:47:44'),
	(329, 'giname323', 'gidesc323', 1, '2017-08-07', '12:47:44'),
	(330, 'giname324', 'gidesc324', 1, '2017-08-07', '12:47:44'),
	(331, 'giname325', 'gidesc325', 1, '2017-08-07', '12:47:44'),
	(332, 'giname326', 'gidesc326', 1, '2017-08-07', '12:47:44'),
	(333, 'giname327', 'gidesc327', 1, '2017-08-07', '12:47:44'),
	(334, 'giname328', 'gidesc328', 1, '2017-08-07', '12:47:44'),
	(335, 'giname329', 'gidesc329', 1, '2017-08-07', '12:47:44'),
	(336, 'giname330', 'gidesc330', 1, '2017-08-07', '12:47:44'),
	(337, 'giname331', 'gidesc331', 1, '2017-08-07', '12:47:44'),
	(338, 'giname332', 'gidesc332', 1, '2017-08-07', '12:47:44'),
	(339, 'giname333', 'gidesc333', 1, '2017-08-07', '12:47:44'),
	(340, 'giname334', 'gidesc334', 1, '2017-08-07', '12:47:44'),
	(341, 'giname335', 'gidesc335', 1, '2017-08-07', '12:47:44'),
	(342, 'giname336', 'gidesc336', 1, '2017-08-07', '12:47:44'),
	(343, 'giname337', 'gidesc337', 1, '2017-08-07', '12:47:44'),
	(344, 'giname338', 'gidesc338', 1, '2017-08-07', '12:47:44'),
	(345, 'giname339', 'gidesc339', 1, '2017-08-07', '12:47:44'),
	(346, 'giname340', 'gidesc340', 1, '2017-08-07', '12:47:44'),
	(347, 'giname341', 'gidesc341', 1, '2017-08-07', '12:47:44'),
	(348, 'giname342', 'gidesc342', 1, '2017-08-07', '12:47:44'),
	(349, 'giname343', 'gidesc343', 1, '2017-08-07', '12:47:44'),
	(350, 'giname344', 'gidesc344', 1, '2017-08-07', '12:47:44'),
	(351, 'giname345', 'gidesc345', 1, '2017-08-07', '12:47:44'),
	(352, 'giname346', 'gidesc346', 1, '2017-08-07', '12:47:44'),
	(353, 'giname347', 'gidesc347', 1, '2017-08-07', '12:47:44'),
	(354, 'giname348', 'gidesc348', 1, '2017-08-07', '12:47:44'),
	(355, 'giname349', 'gidesc349', 1, '2017-08-07', '12:47:44'),
	(356, 'giname350', 'gidesc350', 1, '2017-08-07', '12:47:44'),
	(357, 'giname351', 'gidesc351', 1, '2017-08-07', '12:47:44'),
	(358, 'giname352', 'gidesc352', 1, '2017-08-07', '12:47:44'),
	(359, 'giname353', 'gidesc353', 1, '2017-08-07', '12:47:44'),
	(360, 'giname354', 'gidesc354', 1, '2017-08-07', '12:47:44'),
	(361, 'giname355', 'gidesc355', 1, '2017-08-07', '12:47:44'),
	(362, 'giname356', 'gidesc356', 1, '2017-08-07', '12:47:44'),
	(363, 'giname357', 'gidesc357', 1, '2017-08-07', '12:47:44'),
	(364, 'giname358', 'gidesc358', 1, '2017-08-07', '12:47:44'),
	(365, 'giname359', 'gidesc359', 1, '2017-08-07', '12:47:44'),
	(366, 'giname360', 'gidesc360', 1, '2017-08-07', '12:47:44'),
	(367, 'giname361', 'gidesc361', 1, '2017-08-07', '12:47:44'),
	(368, 'giname362', 'gidesc362', 1, '2017-08-07', '12:47:44'),
	(369, 'giname363', 'gidesc363', 1, '2017-08-07', '12:47:44'),
	(370, 'giname364', 'gidesc364', 1, '2017-08-07', '12:47:44'),
	(371, 'giname365', 'gidesc365', 1, '2017-08-07', '12:47:44'),
	(372, 'giname366', 'gidesc366', 1, '2017-08-07', '12:47:44'),
	(373, 'giname367', 'gidesc367', 1, '2017-08-07', '12:47:44'),
	(374, 'giname368', 'gidesc368', 1, '2017-08-07', '12:47:44'),
	(375, 'giname369', 'gidesc369', 1, '2017-08-07', '12:47:44'),
	(376, 'giname370', 'gidesc370', 1, '2017-08-07', '12:47:44'),
	(377, 'giname371', 'gidesc371', 1, '2017-08-07', '12:47:44'),
	(378, 'giname372', 'gidesc372', 1, '2017-08-07', '12:47:44'),
	(379, 'giname373', 'gidesc373', 1, '2017-08-07', '12:47:44'),
	(380, 'giname374', 'gidesc374', 1, '2017-08-07', '12:47:44'),
	(381, 'giname375', 'gidesc375', 1, '2017-08-07', '12:47:44'),
	(382, 'giname376', 'gidesc376', 1, '2017-08-07', '12:47:44'),
	(383, 'giname377', 'gidesc377', 1, '2017-08-07', '12:47:44'),
	(384, 'giname378', 'gidesc378', 1, '2017-08-07', '12:47:44'),
	(385, 'giname379', 'gidesc379', 1, '2017-08-07', '12:47:44'),
	(386, 'giname380', 'gidesc380', 1, '2017-08-07', '12:47:44'),
	(387, 'giname381', 'gidesc381', 1, '2017-08-07', '12:47:44'),
	(388, 'giname382', 'gidesc382', 1, '2017-08-07', '12:47:44'),
	(389, 'giname383', 'gidesc383', 1, '2017-08-07', '12:47:44'),
	(390, 'giname384', 'gidesc384', 1, '2017-08-07', '12:47:44'),
	(391, 'giname385', 'gidesc385', 1, '2017-08-07', '12:47:44'),
	(392, 'giname386', 'gidesc386', 1, '2017-08-07', '12:47:44'),
	(393, 'giname387', 'gidesc387', 1, '2017-08-07', '12:47:44'),
	(394, 'giname388', 'gidesc388', 1, '2017-08-07', '12:47:44'),
	(395, 'giname389', 'gidesc389', 1, '2017-08-07', '12:47:44'),
	(396, 'giname390', 'gidesc390', 1, '2017-08-07', '12:47:44'),
	(397, 'giname391', 'gidesc391', 1, '2017-08-07', '12:47:44'),
	(398, 'giname392', 'gidesc392', 1, '2017-08-07', '12:47:44'),
	(399, 'giname393', 'gidesc393', 1, '2017-08-07', '12:47:44'),
	(400, 'giname394', 'gidesc394', 1, '2017-08-07', '12:47:44'),
	(401, 'giname395', 'gidesc395', 1, '2017-08-07', '12:47:44'),
	(402, 'giname396', 'gidesc396', 1, '2017-08-07', '12:47:44'),
	(403, 'giname397', 'gidesc397', 1, '2017-08-07', '12:47:44'),
	(404, 'giname398', 'gidesc398', 1, '2017-08-07', '12:47:44'),
	(405, 'giname399', 'gidesc399', 1, '2017-08-07', '12:47:44'),
	(406, 'giname400', 'gidesc400', 1, '2017-08-07', '12:47:44'),
	(407, 'giname401', 'gidesc401', 1, '2017-08-07', '12:47:44'),
	(408, 'giname402', 'gidesc402', 1, '2017-08-07', '12:47:44'),
	(409, 'giname403', 'gidesc403', 1, '2017-08-07', '12:47:44'),
	(410, 'giname404', 'gidesc404', 1, '2017-08-07', '12:47:44'),
	(411, 'giname405', 'gidesc405', 1, '2017-08-07', '12:47:44'),
	(412, 'giname406', 'gidesc406', 1, '2017-08-07', '12:47:44'),
	(413, 'giname407', 'gidesc407', 1, '2017-08-07', '12:47:44'),
	(414, 'giname408', 'gidesc408', 1, '2017-08-07', '12:47:44'),
	(415, 'giname409', 'gidesc409', 1, '2017-08-07', '12:47:44'),
	(416, 'giname410', 'gidesc410', 1, '2017-08-07', '12:47:44'),
	(417, 'giname411', 'gidesc411', 1, '2017-08-07', '12:47:44'),
	(418, 'giname412', 'gidesc412', 1, '2017-08-07', '12:47:44'),
	(419, 'giname413', 'gidesc413', 1, '2017-08-07', '12:47:44'),
	(420, 'giname414', 'gidesc414', 1, '2017-08-07', '12:47:44'),
	(421, 'giname415', 'gidesc415', 1, '2017-08-07', '12:47:44'),
	(422, 'giname416', 'gidesc416', 1, '2017-08-07', '12:47:44'),
	(423, 'giname417', 'gidesc417', 1, '2017-08-07', '12:47:44'),
	(424, 'giname418', 'gidesc418', 1, '2017-08-07', '12:47:44'),
	(425, 'giname419', 'gidesc419', 1, '2017-08-07', '12:47:44'),
	(426, 'giname420', 'gidesc420', 1, '2017-08-07', '12:47:44'),
	(427, 'giname421', 'gidesc421', 1, '2017-08-07', '12:47:44'),
	(428, 'giname422', 'gidesc422', 1, '2017-08-07', '12:47:44'),
	(429, 'giname423', 'gidesc423', 1, '2017-08-07', '12:47:44'),
	(430, 'giname424', 'gidesc424', 1, '2017-08-07', '12:47:44'),
	(431, 'giname425', 'gidesc425', 1, '2017-08-07', '12:47:44'),
	(432, 'giname426', 'gidesc426', 1, '2017-08-07', '12:47:44'),
	(433, 'giname427', 'gidesc427', 1, '2017-08-07', '12:47:44'),
	(434, 'giname428', 'gidesc428', 1, '2017-08-07', '12:47:44'),
	(435, 'giname429', 'gidesc429', 1, '2017-08-07', '12:47:44'),
	(436, 'giname430', 'gidesc430', 1, '2017-08-07', '12:47:44'),
	(437, 'giname431', 'gidesc431', 1, '2017-08-07', '12:47:44'),
	(438, 'giname432', 'gidesc432', 1, '2017-08-07', '12:47:44'),
	(439, 'giname433', 'gidesc433', 1, '2017-08-07', '12:47:44'),
	(440, 'giname434', 'gidesc434', 1, '2017-08-07', '12:47:44'),
	(441, 'giname435', 'gidesc435', 1, '2017-08-07', '12:47:44'),
	(442, 'giname436', 'gidesc436', 1, '2017-08-07', '12:47:44'),
	(443, 'giname437', 'gidesc437', 1, '2017-08-07', '12:47:44'),
	(444, 'giname438', 'gidesc438', 1, '2017-08-07', '12:47:44'),
	(445, 'giname439', 'gidesc439', 1, '2017-08-07', '12:47:44'),
	(446, 'giname440', 'gidesc440', 1, '2017-08-07', '12:47:44'),
	(447, 'giname441', 'gidesc441', 1, '2017-08-07', '12:47:44'),
	(448, 'giname442', 'gidesc442', 1, '2017-08-07', '12:47:44'),
	(449, 'giname443', 'gidesc443', 1, '2017-08-07', '12:47:44'),
	(450, 'giname444', 'gidesc444', 1, '2017-08-07', '12:47:44'),
	(451, 'giname445', 'gidesc445', 1, '2017-08-07', '12:47:44'),
	(452, 'giname446', 'gidesc446', 1, '2017-08-07', '12:47:44'),
	(453, 'giname447', 'gidesc447', 1, '2017-08-07', '12:47:44'),
	(454, 'giname448', 'gidesc448', 1, '2017-08-07', '12:47:44'),
	(455, 'giname449', 'gidesc449', 1, '2017-08-07', '12:47:44'),
	(456, 'giname450', 'gidesc450', 1, '2017-08-07', '12:47:44'),
	(457, 'giname451', 'gidesc451', 1, '2017-08-07', '12:47:44'),
	(458, 'giname452', 'gidesc452', 1, '2017-08-07', '12:47:44'),
	(459, 'giname453', 'gidesc453', 1, '2017-08-07', '12:47:44'),
	(460, 'giname454', 'gidesc454', 1, '2017-08-07', '12:47:44'),
	(461, 'giname455', 'gidesc455', 1, '2017-08-07', '12:47:44'),
	(462, 'giname456', 'gidesc456', 1, '2017-08-07', '12:47:44'),
	(463, 'giname457', 'gidesc457', 1, '2017-08-07', '12:47:44'),
	(464, 'giname458', 'gidesc458', 1, '2017-08-07', '12:47:44'),
	(465, 'giname459', 'gidesc459', 1, '2017-08-07', '12:47:44'),
	(466, 'giname460', 'gidesc460', 1, '2017-08-07', '12:47:44'),
	(467, 'giname461', 'gidesc461', 1, '2017-08-07', '12:47:44'),
	(468, 'giname462', 'gidesc462', 1, '2017-08-07', '12:47:44'),
	(469, 'giname463', 'gidesc463', 1, '2017-08-07', '12:47:44'),
	(470, 'giname464', 'gidesc464', 1, '2017-08-07', '12:47:44'),
	(471, 'giname465', 'gidesc465', 1, '2017-08-07', '12:47:44'),
	(472, 'giname466', 'gidesc466', 1, '2017-08-07', '12:47:44'),
	(473, 'giname467', 'gidesc467', 1, '2017-08-07', '12:47:44'),
	(474, 'giname468', 'gidesc468', 1, '2017-08-07', '12:47:44'),
	(475, 'giname469', 'gidesc469', 1, '2017-08-07', '12:47:44'),
	(476, 'giname470', 'gidesc470', 1, '2017-08-07', '12:47:44'),
	(477, 'giname471', 'gidesc471', 1, '2017-08-07', '12:47:44'),
	(478, 'giname472', 'gidesc472', 1, '2017-08-07', '12:47:44'),
	(479, 'giname473', 'gidesc473', 1, '2017-08-07', '12:47:44'),
	(480, 'giname474', 'gidesc474', 1, '2017-08-07', '12:47:44'),
	(481, 'giname475', 'gidesc475', 1, '2017-08-07', '12:47:44'),
	(482, 'giname476', 'gidesc476', 1, '2017-08-07', '12:47:44'),
	(483, 'giname477', 'gidesc477', 1, '2017-08-07', '12:47:44'),
	(484, 'giname478', 'gidesc478', 1, '2017-08-07', '12:47:44'),
	(485, 'giname479', 'gidesc479', 1, '2017-08-07', '12:47:44'),
	(486, 'giname480', 'gidesc480', 1, '2017-08-07', '12:47:44'),
	(487, 'giname481', 'gidesc481', 1, '2017-08-07', '12:47:44'),
	(488, 'giname482', 'gidesc482', 1, '2017-08-07', '12:47:44'),
	(489, 'giname483', 'gidesc483', 1, '2017-08-07', '12:47:44'),
	(490, 'giname484', 'gidesc484', 1, '2017-08-07', '12:47:44'),
	(491, 'giname485', 'gidesc485', 1, '2017-08-07', '12:47:44'),
	(492, 'giname486', 'gidesc486', 1, '2017-08-07', '12:47:44'),
	(493, 'giname487', 'gidesc487', 1, '2017-08-07', '12:47:44'),
	(494, 'giname488', 'gidesc488', 1, '2017-08-07', '12:47:44'),
	(495, 'giname489', 'gidesc489', 1, '2017-08-07', '12:47:44'),
	(496, 'giname490', 'gidesc490', 1, '2017-08-07', '12:47:44'),
	(497, 'giname491', 'gidesc491', 1, '2017-08-07', '12:47:44'),
	(498, 'giname492', 'gidesc492', 1, '2017-08-07', '12:47:44'),
	(499, 'giname493', 'gidesc493', 1, '2017-08-07', '12:47:44'),
	(500, 'giname494', 'gidesc494', 1, '2017-08-07', '12:47:44'),
	(501, 'giname495', 'gidesc495', 1, '2017-08-07', '12:47:44'),
	(502, 'giname496', 'gidesc496', 1, '2017-08-07', '12:47:44'),
	(503, 'giname497', 'gidesc497', 1, '2017-08-07', '12:47:44'),
	(504, 'giname498', 'gidesc498', 1, '2017-08-07', '12:47:44'),
	(505, 'giname499', 'gidesc499', 1, '2017-08-07', '12:47:44'),
	(506, 'giname500', 'gidesc500', 1, '2017-08-07', '12:47:44'),
	(507, 'giname501', 'gidesc501', 1, '2017-08-07', '12:47:44'),
	(508, 'giname502', 'gidesc502', 1, '2017-08-07', '12:47:44'),
	(509, 'giname503', 'gidesc503', 1, '2017-08-07', '12:47:44'),
	(510, 'giname504', 'gidesc504', 1, '2017-08-07', '12:47:44'),
	(511, 'giname505', 'gidesc505', 1, '2017-08-07', '12:47:44'),
	(512, 'giname506', 'gidesc506', 1, '2017-08-07', '12:47:44'),
	(513, 'giname507', 'gidesc507', 1, '2017-08-07', '12:47:44'),
	(514, 'giname508', 'gidesc508', 1, '2017-08-07', '12:47:44'),
	(515, 'giname509', 'gidesc509', 1, '2017-08-07', '12:47:44'),
	(516, 'giname510', 'gidesc510', 1, '2017-08-07', '12:47:44'),
	(517, 'giname511', 'gidesc511', 1, '2017-08-07', '12:47:44'),
	(518, 'giname512', 'gidesc512', 1, '2017-08-07', '12:47:44'),
	(519, 'giname513', 'gidesc513', 1, '2017-08-07', '12:47:44'),
	(520, 'giname514', 'gidesc514', 1, '2017-08-07', '12:47:44'),
	(521, 'giname515', 'gidesc515', 1, '2017-08-07', '12:47:44'),
	(522, 'giname516', 'gidesc516', 1, '2017-08-07', '12:47:44'),
	(523, 'giname517', 'gidesc517', 1, '2017-08-07', '12:47:44'),
	(524, 'giname518', 'gidesc518', 1, '2017-08-07', '12:47:44'),
	(525, 'giname519', 'gidesc519', 1, '2017-08-07', '12:47:44'),
	(526, 'giname520', 'gidesc520', 1, '2017-08-07', '12:47:44'),
	(527, 'giname521', 'gidesc521', 1, '2017-08-07', '12:47:44'),
	(528, 'giname522', 'gidesc522', 1, '2017-08-07', '12:47:44'),
	(529, 'giname523', 'gidesc523', 1, '2017-08-07', '12:47:44'),
	(530, 'giname524', 'gidesc524', 1, '2017-08-07', '12:47:44'),
	(531, 'giname525', 'gidesc525', 1, '2017-08-07', '12:47:44'),
	(532, 'giname526', 'gidesc526', 1, '2017-08-07', '12:47:44'),
	(533, 'giname527', 'gidesc527', 1, '2017-08-07', '12:47:44'),
	(534, 'giname528', 'gidesc528', 1, '2017-08-07', '12:47:44'),
	(535, 'giname529', 'gidesc529', 1, '2017-08-07', '12:47:44'),
	(536, 'giname530', 'gidesc530', 1, '2017-08-07', '12:47:44'),
	(537, 'giname531', 'gidesc531', 1, '2017-08-07', '12:47:44'),
	(538, 'giname532', 'gidesc532', 1, '2017-08-07', '12:47:44'),
	(539, 'giname533', 'gidesc533', 1, '2017-08-07', '12:47:44'),
	(540, 'giname534', 'gidesc534', 1, '2017-08-07', '12:47:44'),
	(541, 'giname535', 'gidesc535', 1, '2017-08-07', '12:47:44'),
	(542, 'giname536', 'gidesc536', 1, '2017-08-07', '12:47:44'),
	(543, 'giname537', 'gidesc537', 1, '2017-08-07', '12:47:44'),
	(544, 'giname538', 'gidesc538', 1, '2017-08-07', '12:47:44'),
	(545, 'giname539', 'gidesc539', 1, '2017-08-07', '12:47:44'),
	(546, 'giname540', 'gidesc540', 1, '2017-08-07', '12:47:44'),
	(547, 'giname541', 'gidesc541', 1, '2017-08-07', '12:47:44'),
	(548, 'giname542', 'gidesc542', 1, '2017-08-07', '12:47:44'),
	(549, 'giname543', 'gidesc543', 1, '2017-08-07', '12:47:44'),
	(550, 'giname544', 'gidesc544', 1, '2017-08-07', '12:47:44'),
	(551, 'giname545', 'gidesc545', 1, '2017-08-07', '12:47:44'),
	(552, 'giname546', 'gidesc546', 1, '2017-08-07', '12:47:44'),
	(553, 'giname547', 'gidesc547', 1, '2017-08-07', '12:47:44'),
	(554, 'giname548', 'gidesc548', 1, '2017-08-07', '12:47:44'),
	(555, 'giname549', 'gidesc549', 1, '2017-08-07', '12:47:44'),
	(556, 'giname550', 'gidesc550', 1, '2017-08-07', '12:47:44'),
	(557, 'giname551', 'gidesc551', 1, '2017-08-07', '12:47:44'),
	(558, 'giname552', 'gidesc552', 1, '2017-08-07', '12:47:44'),
	(559, 'giname553', 'gidesc553', 1, '2017-08-07', '12:47:44'),
	(560, 'giname554', 'gidesc554', 1, '2017-08-07', '12:47:44'),
	(561, 'giname555', 'gidesc555', 1, '2017-08-07', '12:47:44'),
	(562, 'giname556', 'gidesc556', 1, '2017-08-07', '12:47:44'),
	(563, 'giname557', 'gidesc557', 1, '2017-08-07', '12:47:44'),
	(564, 'giname558', 'gidesc558', 1, '2017-08-07', '12:47:44'),
	(565, 'giname559', 'gidesc559', 1, '2017-08-07', '12:47:44'),
	(566, 'giname560', 'gidesc560', 1, '2017-08-07', '12:47:44'),
	(567, 'giname561', 'gidesc561', 1, '2017-08-07', '12:47:44'),
	(568, 'giname562', 'gidesc562', 1, '2017-08-07', '12:47:44'),
	(569, 'giname563', 'gidesc563', 1, '2017-08-07', '12:47:44'),
	(570, 'giname564', 'gidesc564', 1, '2017-08-07', '12:47:44'),
	(571, 'giname565', 'gidesc565', 1, '2017-08-07', '12:47:44'),
	(572, 'giname566', 'gidesc566', 1, '2017-08-07', '12:47:44'),
	(573, 'giname567', 'gidesc567', 1, '2017-08-07', '12:47:44'),
	(574, 'giname568', 'gidesc568', 1, '2017-08-07', '12:47:44'),
	(575, 'giname569', 'gidesc569', 1, '2017-08-07', '12:47:44'),
	(576, 'giname570', 'gidesc570', 1, '2017-08-07', '12:47:44'),
	(577, 'giname571', 'gidesc571', 1, '2017-08-07', '12:47:44'),
	(578, 'giname572', 'gidesc572', 1, '2017-08-07', '12:47:44'),
	(579, 'giname573', 'gidesc573', 1, '2017-08-07', '12:47:44'),
	(580, 'giname574', 'gidesc574', 1, '2017-08-07', '12:47:44'),
	(581, 'giname575', 'gidesc575', 1, '2017-08-07', '12:47:44'),
	(582, 'giname576', 'gidesc576', 1, '2017-08-07', '12:47:44'),
	(583, 'giname577', 'gidesc577', 1, '2017-08-07', '12:47:44'),
	(584, 'giname578', 'gidesc578', 1, '2017-08-07', '12:47:44'),
	(585, 'giname579', 'gidesc579', 1, '2017-08-07', '12:47:44'),
	(586, 'giname580', 'gidesc580', 1, '2017-08-07', '12:47:44'),
	(587, 'giname581', 'gidesc581', 1, '2017-08-07', '12:47:44'),
	(588, 'giname582', 'gidesc582', 1, '2017-08-07', '12:47:44'),
	(589, 'giname583', 'gidesc583', 1, '2017-08-07', '12:47:44'),
	(590, 'giname584', 'gidesc584', 1, '2017-08-07', '12:47:44'),
	(591, 'giname585', 'gidesc585', 1, '2017-08-07', '12:47:44'),
	(592, 'giname586', 'gidesc586', 1, '2017-08-07', '12:47:44'),
	(593, 'giname587', 'gidesc587', 1, '2017-08-07', '12:47:44'),
	(594, 'giname588', 'gidesc588', 1, '2017-08-07', '12:47:44'),
	(595, 'giname589', 'gidesc589', 1, '2017-08-07', '12:47:44'),
	(596, 'giname590', 'gidesc590', 1, '2017-08-07', '12:47:44'),
	(597, 'giname591', 'gidesc591', 1, '2017-08-07', '12:47:44'),
	(598, 'giname592', 'gidesc592', 1, '2017-08-07', '12:47:44'),
	(599, 'giname593', 'gidesc593', 1, '2017-08-07', '12:47:44'),
	(600, 'giname594', 'gidesc594', 1, '2017-08-07', '12:47:44'),
	(601, 'giname595', 'gidesc595', 1, '2017-08-07', '12:47:44'),
	(602, 'giname596', 'gidesc596', 1, '2017-08-07', '12:47:44'),
	(603, 'giname597', 'gidesc597', 1, '2017-08-07', '12:47:44'),
	(604, 'giname598', 'gidesc598', 1, '2017-08-07', '12:47:44'),
	(605, 'giname599', 'gidesc599', 1, '2017-08-07', '12:47:44'),
	(606, 'giname600', 'gidesc600', 1, '2017-08-07', '12:47:44'),
	(607, 'giname601', 'gidesc601', 1, '2017-08-07', '12:47:44'),
	(608, 'giname602', 'gidesc602', 1, '2017-08-07', '12:47:44'),
	(609, 'giname603', 'gidesc603', 1, '2017-08-07', '12:47:44'),
	(610, 'giname604', 'gidesc604', 1, '2017-08-07', '12:47:44'),
	(611, 'giname605', 'gidesc605', 1, '2017-08-07', '12:47:44'),
	(612, 'giname606', 'gidesc606', 1, '2017-08-07', '12:47:44'),
	(613, 'giname607', 'gidesc607', 1, '2017-08-07', '12:47:44'),
	(614, 'giname608', 'gidesc608', 1, '2017-08-07', '12:47:44'),
	(615, 'giname609', 'gidesc609', 1, '2017-08-07', '12:47:44'),
	(616, 'giname610', 'gidesc610', 1, '2017-08-07', '12:47:44'),
	(617, 'giname611', 'gidesc611', 1, '2017-08-07', '12:47:44'),
	(618, 'giname612', 'gidesc612', 1, '2017-08-07', '12:47:44'),
	(619, 'giname613', 'gidesc613', 1, '2017-08-07', '12:47:44'),
	(620, 'giname614', 'gidesc614', 1, '2017-08-07', '12:47:44'),
	(621, 'giname615', 'gidesc615', 1, '2017-08-07', '12:47:44'),
	(622, 'giname616', 'gidesc616', 1, '2017-08-07', '12:47:44'),
	(623, 'giname617', 'gidesc617', 1, '2017-08-07', '12:47:44'),
	(624, 'giname618', 'gidesc618', 1, '2017-08-07', '12:47:44'),
	(625, 'giname619', 'gidesc619', 1, '2017-08-07', '12:47:44'),
	(626, 'giname620', 'gidesc620', 1, '2017-08-07', '12:47:44'),
	(627, 'giname621', 'gidesc621', 1, '2017-08-07', '12:47:44'),
	(628, 'giname622', 'gidesc622', 1, '2017-08-07', '12:47:44'),
	(629, 'giname623', 'gidesc623', 1, '2017-08-07', '12:47:44'),
	(630, 'giname624', 'gidesc624', 1, '2017-08-07', '12:47:44'),
	(631, 'giname625', 'gidesc625', 1, '2017-08-07', '12:47:44'),
	(632, 'giname626', 'gidesc626', 1, '2017-08-07', '12:47:44'),
	(633, 'giname627', 'gidesc627', 1, '2017-08-07', '12:47:44'),
	(634, 'giname628', 'gidesc628', 1, '2017-08-07', '12:47:44'),
	(635, 'giname629', 'gidesc629', 1, '2017-08-07', '12:47:44'),
	(636, 'giname630', 'gidesc630', 1, '2017-08-07', '12:47:44'),
	(637, 'giname631', 'gidesc631', 1, '2017-08-07', '12:47:44'),
	(638, 'giname632', 'gidesc632', 1, '2017-08-07', '12:47:44'),
	(639, 'giname633', 'gidesc633', 1, '2017-08-07', '12:47:44'),
	(640, 'giname634', 'gidesc634', 1, '2017-08-07', '12:47:44'),
	(641, 'giname635', 'gidesc635', 1, '2017-08-07', '12:47:44'),
	(642, 'giname636', 'gidesc636', 1, '2017-08-07', '12:47:44'),
	(643, 'giname637', 'gidesc637', 1, '2017-08-07', '12:47:44'),
	(644, 'giname638', 'gidesc638', 1, '2017-08-07', '12:47:44'),
	(645, 'giname639', 'gidesc639', 1, '2017-08-07', '12:47:44'),
	(646, 'giname640', 'gidesc640', 1, '2017-08-07', '12:47:44'),
	(647, 'giname641', 'gidesc641', 1, '2017-08-07', '12:47:44'),
	(648, 'giname642', 'gidesc642', 1, '2017-08-07', '12:47:44'),
	(649, 'giname643', 'gidesc643', 1, '2017-08-07', '12:47:44'),
	(650, 'giname644', 'gidesc644', 1, '2017-08-07', '12:47:44'),
	(651, 'giname645', 'gidesc645', 1, '2017-08-07', '12:47:44'),
	(652, 'giname646', 'gidesc646', 1, '2017-08-07', '12:47:44'),
	(653, 'giname647', 'gidesc647', 1, '2017-08-07', '12:47:44'),
	(654, 'giname648', 'gidesc648', 1, '2017-08-07', '12:47:44'),
	(655, 'giname649', 'gidesc649', 1, '2017-08-07', '12:47:44'),
	(656, 'giname650', 'gidesc650', 1, '2017-08-07', '12:47:44'),
	(657, 'giname651', 'gidesc651', 1, '2017-08-07', '12:47:44'),
	(658, 'giname652', 'gidesc652', 1, '2017-08-07', '12:47:44'),
	(659, 'giname653', 'gidesc653', 1, '2017-08-07', '12:47:44'),
	(660, 'giname654', 'gidesc654', 1, '2017-08-07', '12:47:44'),
	(661, 'giname655', 'gidesc655', 1, '2017-08-07', '12:47:44'),
	(662, 'giname656', 'gidesc656', 1, '2017-08-07', '12:47:44'),
	(663, 'giname657', 'gidesc657', 1, '2017-08-07', '12:47:44'),
	(664, 'giname658', 'gidesc658', 1, '2017-08-07', '12:47:44'),
	(665, 'giname659', 'gidesc659', 1, '2017-08-07', '12:47:44'),
	(666, 'giname660', 'gidesc660', 1, '2017-08-07', '12:47:44'),
	(667, 'giname661', 'gidesc661', 1, '2017-08-07', '12:47:44'),
	(668, 'giname662', 'gidesc662', 1, '2017-08-07', '12:47:44'),
	(669, 'giname663', 'gidesc663', 1, '2017-08-07', '12:47:44'),
	(670, 'giname664', 'gidesc664', 1, '2017-08-07', '12:47:44'),
	(671, 'giname665', 'gidesc665', 1, '2017-08-07', '12:47:44'),
	(672, 'giname666', 'gidesc666', 1, '2017-08-07', '12:47:44'),
	(673, 'giname667', 'gidesc667', 1, '2017-08-07', '12:47:44'),
	(674, 'giname668', 'gidesc668', 1, '2017-08-07', '12:47:44'),
	(675, 'giname669', 'gidesc669', 1, '2017-08-07', '12:47:44'),
	(676, 'giname670', 'gidesc670', 1, '2017-08-07', '12:47:44'),
	(677, 'giname671', 'gidesc671', 1, '2017-08-07', '12:47:44'),
	(678, 'giname672', 'gidesc672', 1, '2017-08-07', '12:47:44'),
	(679, 'giname673', 'gidesc673', 1, '2017-08-07', '12:47:44'),
	(680, 'giname674', 'gidesc674', 1, '2017-08-07', '12:47:44'),
	(681, 'giname675', 'gidesc675', 1, '2017-08-07', '12:47:44'),
	(682, 'giname676', 'gidesc676', 1, '2017-08-07', '12:47:44'),
	(683, 'giname677', 'gidesc677', 1, '2017-08-07', '12:47:44'),
	(684, 'giname678', 'gidesc678', 1, '2017-08-07', '12:47:44'),
	(685, 'giname679', 'gidesc679', 1, '2017-08-07', '12:47:44'),
	(686, 'giname680', 'gidesc680', 1, '2017-08-07', '12:47:44'),
	(687, 'giname681', 'gidesc681', 1, '2017-08-07', '12:47:44'),
	(688, 'giname682', 'gidesc682', 1, '2017-08-07', '12:47:44'),
	(689, 'giname683', 'gidesc683', 1, '2017-08-07', '12:47:44'),
	(690, 'giname684', 'gidesc684', 1, '2017-08-07', '12:47:44'),
	(691, 'giname685', 'gidesc685', 1, '2017-08-07', '12:47:44'),
	(692, 'giname686', 'gidesc686', 1, '2017-08-07', '12:47:44'),
	(693, 'giname687', 'gidesc687', 1, '2017-08-07', '12:47:44'),
	(694, 'giname688', 'gidesc688', 1, '2017-08-07', '12:47:44'),
	(695, 'giname689', 'gidesc689', 1, '2017-08-07', '12:47:44'),
	(696, 'giname690', 'gidesc690', 1, '2017-08-07', '12:47:44'),
	(697, 'giname691', 'gidesc691', 1, '2017-08-07', '12:47:44'),
	(698, 'giname692', 'gidesc692', 1, '2017-08-07', '12:47:44'),
	(699, 'giname693', 'gidesc693', 1, '2017-08-07', '12:47:44'),
	(700, 'giname694', 'gidesc694', 1, '2017-08-07', '12:47:44'),
	(701, 'giname695', 'gidesc695', 1, '2017-08-07', '12:47:44'),
	(702, 'giname696', 'gidesc696', 1, '2017-08-07', '12:47:44'),
	(703, 'giname697', 'gidesc697', 1, '2017-08-07', '12:47:44'),
	(704, 'giname698', 'gidesc698', 1, '2017-08-07', '12:47:44'),
	(705, 'giname699', 'gidesc699', 1, '2017-08-07', '12:47:44'),
	(706, 'giname700', 'gidesc700', 1, '2017-08-07', '12:47:44'),
	(707, 'giname701', 'gidesc701', 1, '2017-08-07', '12:47:44'),
	(708, 'giname702', 'gidesc702', 1, '2017-08-07', '12:47:44'),
	(709, 'giname703', 'gidesc703', 1, '2017-08-07', '12:47:44'),
	(710, 'giname704', 'gidesc704', 1, '2017-08-07', '12:47:44'),
	(711, 'giname705', 'gidesc705', 1, '2017-08-07', '12:47:44'),
	(712, 'giname706', 'gidesc706', 1, '2017-08-07', '12:47:44'),
	(713, 'giname707', 'gidesc707', 1, '2017-08-07', '12:47:44'),
	(714, 'giname708', 'gidesc708', 1, '2017-08-07', '12:47:44'),
	(715, 'giname709', 'gidesc709', 1, '2017-08-07', '12:47:44'),
	(716, 'giname710', 'gidesc710', 1, '2017-08-07', '12:47:44'),
	(717, 'giname711', 'gidesc711', 1, '2017-08-07', '12:47:44'),
	(718, 'giname712', 'gidesc712', 1, '2017-08-07', '12:47:44'),
	(719, 'giname713', 'gidesc713', 1, '2017-08-07', '12:47:44'),
	(720, 'giname714', 'gidesc714', 1, '2017-08-07', '12:47:44'),
	(721, 'giname715', 'gidesc715', 1, '2017-08-07', '12:47:44'),
	(722, 'giname716', 'gidesc716', 1, '2017-08-07', '12:47:44'),
	(723, 'giname717', 'gidesc717', 1, '2017-08-07', '12:47:44'),
	(724, 'giname718', 'gidesc718', 1, '2017-08-07', '12:47:44'),
	(725, 'giname719', 'gidesc719', 1, '2017-08-07', '12:47:44'),
	(726, 'giname720', 'gidesc720', 1, '2017-08-07', '12:47:44'),
	(727, 'giname721', 'gidesc721', 1, '2017-08-07', '12:47:44'),
	(728, 'giname722', 'gidesc722', 1, '2017-08-07', '12:47:44'),
	(729, 'giname723', 'gidesc723', 1, '2017-08-07', '12:47:44'),
	(730, 'giname724', 'gidesc724', 1, '2017-08-07', '12:47:44'),
	(731, 'giname725', 'gidesc725', 1, '2017-08-07', '12:47:44'),
	(732, 'giname726', 'gidesc726', 1, '2017-08-07', '12:47:44'),
	(733, 'giname727', 'gidesc727', 1, '2017-08-07', '12:47:44'),
	(734, 'giname728', 'gidesc728', 1, '2017-08-07', '12:47:44'),
	(735, 'giname729', 'gidesc729', 1, '2017-08-07', '12:47:44'),
	(736, 'giname730', 'gidesc730', 1, '2017-08-07', '12:47:44'),
	(737, 'giname731', 'gidesc731', 1, '2017-08-07', '12:47:44'),
	(738, 'giname732', 'gidesc732', 1, '2017-08-07', '12:47:44'),
	(739, 'giname733', 'gidesc733', 1, '2017-08-07', '12:47:44'),
	(740, 'giname734', 'gidesc734', 1, '2017-08-07', '12:47:44'),
	(741, 'giname735', 'gidesc735', 1, '2017-08-07', '12:47:44'),
	(742, 'giname736', 'gidesc736', 1, '2017-08-07', '12:47:44'),
	(743, 'giname737', 'gidesc737', 1, '2017-08-07', '12:47:44'),
	(744, 'giname738', 'gidesc738', 1, '2017-08-07', '12:47:44'),
	(745, 'giname739', 'gidesc739', 1, '2017-08-07', '12:47:44'),
	(746, 'giname740', 'gidesc740', 1, '2017-08-07', '12:47:44'),
	(747, 'giname741', 'gidesc741', 1, '2017-08-07', '12:47:44'),
	(748, 'giname742', 'gidesc742', 1, '2017-08-07', '12:47:44'),
	(749, 'giname743', 'gidesc743', 1, '2017-08-07', '12:47:44'),
	(750, 'giname744', 'gidesc744', 1, '2017-08-07', '12:47:44'),
	(751, 'giname745', 'gidesc745', 1, '2017-08-07', '12:47:44'),
	(752, 'giname746', 'gidesc746', 1, '2017-08-07', '12:47:44'),
	(753, 'giname747', 'gidesc747', 1, '2017-08-07', '12:47:44'),
	(754, 'giname748', 'gidesc748', 1, '2017-08-07', '12:47:44'),
	(755, 'giname749', 'gidesc749', 1, '2017-08-07', '12:47:44'),
	(756, 'giname750', 'gidesc750', 1, '2017-08-07', '12:47:44'),
	(757, 'giname751', 'gidesc751', 1, '2017-08-07', '12:47:44'),
	(758, 'giname752', 'gidesc752', 1, '2017-08-07', '12:47:44'),
	(759, 'giname753', 'gidesc753', 1, '2017-08-07', '12:47:44'),
	(760, 'giname754', 'gidesc754', 1, '2017-08-07', '12:47:44'),
	(761, 'giname755', 'gidesc755', 1, '2017-08-07', '12:47:44'),
	(762, 'giname756', 'gidesc756', 1, '2017-08-07', '12:47:44'),
	(763, 'giname757', 'gidesc757', 1, '2017-08-07', '12:47:44'),
	(764, 'giname758', 'gidesc758', 1, '2017-08-07', '12:47:44'),
	(765, 'giname759', 'gidesc759', 1, '2017-08-07', '12:47:44'),
	(766, 'giname760', 'gidesc760', 1, '2017-08-07', '12:47:44'),
	(767, 'giname761', 'gidesc761', 1, '2017-08-07', '12:47:44'),
	(768, 'giname762', 'gidesc762', 1, '2017-08-07', '12:47:44'),
	(769, 'giname763', 'gidesc763', 1, '2017-08-07', '12:47:44'),
	(770, 'giname764', 'gidesc764', 1, '2017-08-07', '12:47:44'),
	(771, 'giname765', 'gidesc765', 1, '2017-08-07', '12:47:44'),
	(772, 'giname766', 'gidesc766', 1, '2017-08-07', '12:47:44'),
	(773, 'giname767', 'gidesc767', 1, '2017-08-07', '12:47:44'),
	(774, 'giname768', 'gidesc768', 1, '2017-08-07', '12:47:44'),
	(775, 'giname769', 'gidesc769', 1, '2017-08-07', '12:47:44'),
	(776, 'giname770', 'gidesc770', 1, '2017-08-07', '12:47:44'),
	(777, 'giname771', 'gidesc771', 1, '2017-08-07', '12:47:44'),
	(778, 'giname772', 'gidesc772', 1, '2017-08-07', '12:47:44'),
	(779, 'giname773', 'gidesc773', 1, '2017-08-07', '12:47:44'),
	(780, 'giname774', 'gidesc774', 1, '2017-08-07', '12:47:44'),
	(781, 'giname775', 'gidesc775', 1, '2017-08-07', '12:47:44'),
	(782, 'giname776', 'gidesc776', 1, '2017-08-07', '12:47:44'),
	(783, 'giname777', 'gidesc777', 1, '2017-08-07', '12:47:44'),
	(784, 'giname778', 'gidesc778', 1, '2017-08-07', '12:47:44'),
	(785, 'giname779', 'gidesc779', 1, '2017-08-07', '12:47:44'),
	(786, 'giname780', 'gidesc780', 1, '2017-08-07', '12:47:44'),
	(787, 'giname781', 'gidesc781', 1, '2017-08-07', '12:47:44'),
	(788, 'giname782', 'gidesc782', 1, '2017-08-07', '12:47:44'),
	(789, 'giname783', 'gidesc783', 1, '2017-08-07', '12:47:44'),
	(790, 'giname784', 'gidesc784', 1, '2017-08-07', '12:47:44'),
	(791, 'giname785', 'gidesc785', 1, '2017-08-07', '12:47:44'),
	(792, 'giname786', 'gidesc786', 1, '2017-08-07', '12:47:44'),
	(793, 'giname787', 'gidesc787', 1, '2017-08-07', '12:47:44'),
	(794, 'giname788', 'gidesc788', 1, '2017-08-07', '12:47:44'),
	(795, 'giname789', 'gidesc789', 1, '2017-08-07', '12:47:44'),
	(796, 'giname790', 'gidesc790', 1, '2017-08-07', '12:47:44'),
	(797, 'giname791', 'gidesc791', 1, '2017-08-07', '12:47:44'),
	(798, 'giname792', 'gidesc792', 1, '2017-08-07', '12:47:44'),
	(799, 'giname793', 'gidesc793', 1, '2017-08-07', '12:47:44'),
	(800, 'giname794', 'gidesc794', 1, '2017-08-07', '12:47:44'),
	(801, 'giname795', 'gidesc795', 1, '2017-08-07', '12:47:44'),
	(802, 'giname796', 'gidesc796', 1, '2017-08-07', '12:47:44'),
	(803, 'giname797', 'gidesc797', 1, '2017-08-07', '12:47:44'),
	(804, 'giname798', 'gidesc798', 1, '2017-08-07', '12:47:44'),
	(805, 'giname799', 'gidesc799', 1, '2017-08-07', '12:47:44'),
	(806, 'giname800', 'gidesc800', 1, '2017-08-07', '12:47:44'),
	(807, 'giname801', 'gidesc801', 1, '2017-08-07', '12:47:44'),
	(808, 'giname802', 'gidesc802', 1, '2017-08-07', '12:47:44'),
	(809, 'giname803', 'gidesc803', 1, '2017-08-07', '12:47:44'),
	(810, 'giname804', 'gidesc804', 1, '2017-08-07', '12:47:44'),
	(811, 'giname805', 'gidesc805', 1, '2017-08-07', '12:47:44'),
	(812, 'giname806', 'gidesc806', 1, '2017-08-07', '12:47:44'),
	(813, 'giname807', 'gidesc807', 1, '2017-08-07', '12:47:44'),
	(814, 'giname808', 'gidesc808', 1, '2017-08-07', '12:47:44'),
	(815, 'giname809', 'gidesc809', 1, '2017-08-07', '12:47:44'),
	(816, 'giname810', 'gidesc810', 1, '2017-08-07', '12:47:44'),
	(817, 'giname811', 'gidesc811', 1, '2017-08-07', '12:47:44'),
	(818, 'giname812', 'gidesc812', 1, '2017-08-07', '12:47:44'),
	(819, 'giname813', 'gidesc813', 1, '2017-08-07', '12:47:44'),
	(820, 'giname814', 'gidesc814', 1, '2017-08-07', '12:47:44'),
	(821, 'giname815', 'gidesc815', 1, '2017-08-07', '12:47:44'),
	(822, 'giname816', 'gidesc816', 1, '2017-08-07', '12:47:44'),
	(823, 'giname817', 'gidesc817', 1, '2017-08-07', '12:47:44'),
	(824, 'giname818', 'gidesc818', 1, '2017-08-07', '12:47:44'),
	(825, 'giname819', 'gidesc819', 1, '2017-08-07', '12:47:44'),
	(826, 'giname820', 'gidesc820', 1, '2017-08-07', '12:47:44'),
	(827, 'giname821', 'gidesc821', 1, '2017-08-07', '12:47:44'),
	(828, 'giname822', 'gidesc822', 1, '2017-08-07', '12:47:44'),
	(829, 'giname823', 'gidesc823', 1, '2017-08-07', '12:47:44'),
	(830, 'giname824', 'gidesc824', 1, '2017-08-07', '12:47:44'),
	(831, 'giname825', 'gidesc825', 1, '2017-08-07', '12:47:44'),
	(832, 'giname826', 'gidesc826', 1, '2017-08-07', '12:47:44'),
	(833, 'giname827', 'gidesc827', 1, '2017-08-07', '12:47:44'),
	(834, 'giname828', 'gidesc828', 1, '2017-08-07', '12:47:44'),
	(835, 'giname829', 'gidesc829', 1, '2017-08-07', '12:47:44'),
	(836, 'giname830', 'gidesc830', 1, '2017-08-07', '12:47:44'),
	(837, 'giname831', 'gidesc831', 1, '2017-08-07', '12:47:44'),
	(838, 'giname832', 'gidesc832', 1, '2017-08-07', '12:47:44'),
	(839, 'giname833', 'gidesc833', 1, '2017-08-07', '12:47:44'),
	(840, 'giname834', 'gidesc834', 1, '2017-08-07', '12:47:44'),
	(841, 'giname835', 'gidesc835', 1, '2017-08-07', '12:47:44'),
	(842, 'giname836', 'gidesc836', 1, '2017-08-07', '12:47:44'),
	(843, 'giname837', 'gidesc837', 1, '2017-08-07', '12:47:44'),
	(844, 'giname838', 'gidesc838', 1, '2017-08-07', '12:47:44'),
	(845, 'giname839', 'gidesc839', 1, '2017-08-07', '12:47:44'),
	(846, 'giname840', 'gidesc840', 1, '2017-08-07', '12:47:44'),
	(847, 'giname841', 'gidesc841', 1, '2017-08-07', '12:47:44'),
	(848, 'giname842', 'gidesc842', 1, '2017-08-07', '12:47:44'),
	(849, 'giname843', 'gidesc843', 1, '2017-08-07', '12:47:44'),
	(850, 'giname844', 'gidesc844', 1, '2017-08-07', '12:47:44'),
	(851, 'giname845', 'gidesc845', 1, '2017-08-07', '12:47:44'),
	(852, 'giname846', 'gidesc846', 1, '2017-08-07', '12:47:44'),
	(853, 'giname847', 'gidesc847', 1, '2017-08-07', '12:47:44'),
	(854, 'giname848', 'gidesc848', 1, '2017-08-07', '12:47:44'),
	(855, 'giname849', 'gidesc849', 1, '2017-08-07', '12:47:44'),
	(856, 'giname850', 'gidesc850', 1, '2017-08-07', '12:47:44'),
	(857, 'giname851', 'gidesc851', 1, '2017-08-07', '12:47:44'),
	(858, 'giname852', 'gidesc852', 1, '2017-08-07', '12:47:44'),
	(859, 'giname853', 'gidesc853', 1, '2017-08-07', '12:47:44'),
	(860, 'giname854', 'gidesc854', 1, '2017-08-07', '12:47:44'),
	(861, 'giname855', 'gidesc855', 1, '2017-08-07', '12:47:44'),
	(862, 'giname856', 'gidesc856', 1, '2017-08-07', '12:47:44'),
	(863, 'giname857', 'gidesc857', 1, '2017-08-07', '12:47:44'),
	(864, 'giname858', 'gidesc858', 1, '2017-08-07', '12:47:44'),
	(865, 'giname859', 'gidesc859', 1, '2017-08-07', '12:47:44'),
	(866, 'giname860', 'gidesc860', 1, '2017-08-07', '12:47:44'),
	(867, 'giname861', 'gidesc861', 1, '2017-08-07', '12:47:44'),
	(868, 'giname862', 'gidesc862', 1, '2017-08-07', '12:47:44'),
	(869, 'giname863', 'gidesc863', 1, '2017-08-07', '12:47:44'),
	(870, 'giname864', 'gidesc864', 1, '2017-08-07', '12:47:44'),
	(871, 'giname865', 'gidesc865', 1, '2017-08-07', '12:47:44'),
	(872, 'giname866', 'gidesc866', 1, '2017-08-07', '12:47:44'),
	(873, 'giname867', 'gidesc867', 1, '2017-08-07', '12:47:44'),
	(874, 'giname868', 'gidesc868', 1, '2017-08-07', '12:47:44'),
	(875, 'giname869', 'gidesc869', 1, '2017-08-07', '12:47:44'),
	(876, 'giname870', 'gidesc870', 1, '2017-08-07', '12:47:44'),
	(877, 'giname871', 'gidesc871', 1, '2017-08-07', '12:47:44'),
	(878, 'giname872', 'gidesc872', 1, '2017-08-07', '12:47:44'),
	(879, 'giname873', 'gidesc873', 1, '2017-08-07', '12:47:44'),
	(880, 'giname874', 'gidesc874', 1, '2017-08-07', '12:47:44'),
	(881, 'giname875', 'gidesc875', 1, '2017-08-07', '12:47:44'),
	(882, 'giname876', 'gidesc876', 1, '2017-08-07', '12:47:44'),
	(883, 'giname877', 'gidesc877', 1, '2017-08-07', '12:47:44'),
	(884, 'giname878', 'gidesc878', 1, '2017-08-07', '12:47:44'),
	(885, 'giname879', 'gidesc879', 1, '2017-08-07', '12:47:44'),
	(886, 'giname880', 'gidesc880', 1, '2017-08-07', '12:47:44'),
	(887, 'giname881', 'gidesc881', 1, '2017-08-07', '12:47:44'),
	(888, 'giname882', 'gidesc882', 1, '2017-08-07', '12:47:44'),
	(889, 'giname883', 'gidesc883', 1, '2017-08-07', '12:47:44'),
	(890, 'giname884', 'gidesc884', 1, '2017-08-07', '12:47:44'),
	(891, 'giname885', 'gidesc885', 1, '2017-08-07', '12:47:44'),
	(892, 'giname886', 'gidesc886', 1, '2017-08-07', '12:47:44'),
	(893, 'giname887', 'gidesc887', 1, '2017-08-07', '12:47:44'),
	(894, 'giname888', 'gidesc888', 1, '2017-08-07', '12:47:44'),
	(895, 'giname889', 'gidesc889', 1, '2017-08-07', '12:47:44'),
	(896, 'giname890', 'gidesc890', 1, '2017-08-07', '12:47:44'),
	(897, 'giname891', 'gidesc891', 1, '2017-08-07', '12:47:44'),
	(898, 'giname892', 'gidesc892', 1, '2017-08-07', '12:47:44'),
	(899, 'giname893', 'gidesc893', 1, '2017-08-07', '12:47:44'),
	(900, 'giname894', 'gidesc894', 1, '2017-08-07', '12:47:44'),
	(901, 'giname895', 'gidesc895', 1, '2017-08-07', '12:47:44'),
	(902, 'giname896', 'gidesc896', 1, '2017-08-07', '12:47:44'),
	(903, 'giname897', 'gidesc897', 1, '2017-08-07', '12:47:44'),
	(904, 'giname898', 'gidesc898', 1, '2017-08-07', '12:47:44'),
	(905, 'giname899', 'gidesc899', 1, '2017-08-07', '12:47:44'),
	(906, 'giname900', 'gidesc900', 1, '2017-08-07', '12:47:44'),
	(907, 'giname901', 'gidesc901', 1, '2017-08-07', '12:47:44'),
	(908, 'giname902', 'gidesc902', 1, '2017-08-07', '12:47:44'),
	(909, 'giname903', 'gidesc903', 1, '2017-08-07', '12:47:44'),
	(910, 'giname904', 'gidesc904', 1, '2017-08-07', '12:47:44'),
	(911, 'giname905', 'gidesc905', 1, '2017-08-07', '12:47:44'),
	(912, 'giname906', 'gidesc906', 1, '2017-08-07', '12:47:44'),
	(913, 'giname907', 'gidesc907', 1, '2017-08-07', '12:47:44'),
	(914, 'giname908', 'gidesc908', 1, '2017-08-07', '12:47:44'),
	(915, 'giname909', 'gidesc909', 1, '2017-08-07', '12:47:44'),
	(916, 'giname910', 'gidesc910', 1, '2017-08-07', '12:47:44'),
	(917, 'giname911', 'gidesc911', 1, '2017-08-07', '12:47:44'),
	(918, 'giname912', 'gidesc912', 1, '2017-08-07', '12:47:44'),
	(919, 'giname913', 'gidesc913', 1, '2017-08-07', '12:47:44'),
	(920, 'giname914', 'gidesc914', 1, '2017-08-07', '12:47:44'),
	(921, 'giname915', 'gidesc915', 1, '2017-08-07', '12:47:44'),
	(922, 'giname916', 'gidesc916', 1, '2017-08-07', '12:47:44'),
	(923, 'giname917', 'gidesc917', 1, '2017-08-07', '12:47:44'),
	(924, 'giname918', 'gidesc918', 1, '2017-08-07', '12:47:44'),
	(925, 'giname919', 'gidesc919', 1, '2017-08-07', '12:47:44'),
	(926, 'giname920', 'gidesc920', 1, '2017-08-07', '12:47:44'),
	(927, 'giname921', 'gidesc921', 1, '2017-08-07', '12:47:44'),
	(928, 'giname922', 'gidesc922', 1, '2017-08-07', '12:47:44'),
	(929, 'giname923', 'gidesc923', 1, '2017-08-07', '12:47:44'),
	(930, 'giname924', 'gidesc924', 1, '2017-08-07', '12:47:44'),
	(931, 'giname925', 'gidesc925', 1, '2017-08-07', '12:47:44'),
	(932, 'giname926', 'gidesc926', 1, '2017-08-07', '12:47:44'),
	(933, 'giname927', 'gidesc927', 1, '2017-08-07', '12:47:44'),
	(934, 'giname928', 'gidesc928', 1, '2017-08-07', '12:47:44'),
	(935, 'giname929', 'gidesc929', 1, '2017-08-07', '12:47:44'),
	(936, 'giname930', 'gidesc930', 1, '2017-08-07', '12:47:44'),
	(937, 'giname931', 'gidesc931', 1, '2017-08-07', '12:47:44'),
	(938, 'giname932', 'gidesc932', 1, '2017-08-07', '12:47:44'),
	(939, 'giname933', 'gidesc933', 1, '2017-08-07', '12:47:44'),
	(940, 'giname934', 'gidesc934', 1, '2017-08-07', '12:47:44'),
	(941, 'giname935', 'gidesc935', 1, '2017-08-07', '12:47:44'),
	(942, 'giname936', 'gidesc936', 1, '2017-08-07', '12:47:44'),
	(943, 'giname937', 'gidesc937', 1, '2017-08-07', '12:47:44'),
	(944, 'giname938', 'gidesc938', 1, '2017-08-07', '12:47:44'),
	(945, 'giname939', 'gidesc939', 1, '2017-08-07', '12:47:44'),
	(946, 'giname940', 'gidesc940', 1, '2017-08-07', '12:47:44'),
	(947, 'giname941', 'gidesc941', 1, '2017-08-07', '12:47:44'),
	(948, 'giname942', 'gidesc942', 1, '2017-08-07', '12:47:44'),
	(949, 'giname943', 'gidesc943', 1, '2017-08-07', '12:47:44'),
	(950, 'giname944', 'gidesc944', 1, '2017-08-07', '12:47:44'),
	(951, 'giname945', 'gidesc945', 1, '2017-08-07', '12:47:44'),
	(952, 'giname946', 'gidesc946', 1, '2017-08-07', '12:47:44'),
	(953, 'giname947', 'gidesc947', 1, '2017-08-07', '12:47:44'),
	(954, 'giname948', 'gidesc948', 1, '2017-08-07', '12:47:44'),
	(955, 'giname949', 'gidesc949', 1, '2017-08-07', '12:47:44'),
	(956, 'giname950', 'gidesc950', 1, '2017-08-07', '12:47:44'),
	(957, 'giname951', 'gidesc951', 1, '2017-08-07', '12:47:44'),
	(958, 'giname952', 'gidesc952', 1, '2017-08-07', '12:47:44'),
	(959, 'giname953', 'gidesc953', 1, '2017-08-07', '12:47:44'),
	(960, 'giname954', 'gidesc954', 1, '2017-08-07', '12:47:44'),
	(961, 'giname955', 'gidesc955', 1, '2017-08-07', '12:47:44'),
	(962, 'giname956', 'gidesc956', 1, '2017-08-07', '12:47:44'),
	(963, 'giname957', 'gidesc957', 1, '2017-08-07', '12:47:44'),
	(964, 'giname958', 'gidesc958', 1, '2017-08-07', '12:47:44'),
	(965, 'giname959', 'gidesc959', 1, '2017-08-07', '12:47:44'),
	(966, 'giname960', 'gidesc960', 1, '2017-08-07', '12:47:44'),
	(967, 'giname961', 'gidesc961', 1, '2017-08-07', '12:47:44'),
	(968, 'giname962', 'gidesc962', 1, '2017-08-07', '12:47:44'),
	(969, 'giname963', 'gidesc963', 1, '2017-08-07', '12:47:44'),
	(970, 'giname964', 'gidesc964', 1, '2017-08-07', '12:47:44'),
	(971, 'giname965', 'gidesc965', 1, '2017-08-07', '12:47:44'),
	(972, 'giname966', 'gidesc966', 1, '2017-08-07', '12:47:44'),
	(973, 'giname967', 'gidesc967', 1, '2017-08-07', '12:47:44'),
	(974, 'giname968', 'gidesc968', 1, '2017-08-07', '12:47:44'),
	(975, 'giname969', 'gidesc969', 1, '2017-08-07', '12:47:44'),
	(976, 'giname970', 'gidesc970', 1, '2017-08-07', '12:47:44'),
	(977, 'giname971', 'gidesc971', 1, '2017-08-07', '12:47:44'),
	(978, 'giname972', 'gidesc972', 1, '2017-08-07', '12:47:44'),
	(979, 'giname973', 'gidesc973', 1, '2017-08-07', '12:47:44'),
	(980, 'giname974', 'gidesc974', 1, '2017-08-07', '12:47:44'),
	(981, 'giname975', 'gidesc975', 1, '2017-08-07', '12:47:44'),
	(982, 'giname976', 'gidesc976', 1, '2017-08-07', '12:47:44'),
	(983, 'giname977', 'gidesc977', 1, '2017-08-07', '12:47:44'),
	(984, 'giname978', 'gidesc978', 1, '2017-08-07', '12:47:44'),
	(985, 'giname979', 'gidesc979', 1, '2017-08-07', '12:47:44'),
	(986, 'giname980', 'gidesc980', 1, '2017-08-07', '12:47:44'),
	(987, 'giname981', 'gidesc981', 1, '2017-08-07', '12:47:44'),
	(988, 'giname982', 'gidesc982', 1, '2017-08-07', '12:47:44'),
	(989, 'giname983', 'gidesc983', 1, '2017-08-07', '12:47:44'),
	(990, 'giname984', 'gidesc984', 1, '2017-08-07', '12:47:44'),
	(991, 'giname985', 'gidesc985', 1, '2017-08-07', '12:47:44'),
	(992, 'giname986', 'gidesc986', 1, '2017-08-07', '12:47:44'),
	(993, 'giname987', 'gidesc987', 1, '2017-08-07', '12:47:44'),
	(994, 'giname988', 'gidesc988', 1, '2017-08-07', '12:47:44'),
	(995, 'giname989', 'gidesc989', 1, '2017-08-07', '12:47:44'),
	(996, 'giname990', 'gidesc990', 1, '2017-08-07', '12:47:44'),
	(997, 'giname991', 'gidesc991', 1, '2017-08-07', '12:47:44'),
	(998, 'giname992', 'gidesc992', 1, '2017-08-07', '12:47:44'),
	(999, 'giname993', 'gidesc993', 1, '2017-08-07', '12:47:44'),
	(1000, 'giname994', 'gidesc994', 1, '2017-08-07', '12:47:44'),
	(1001, 'giname995', 'gidesc995', 1, '2017-08-07', '12:47:44'),
	(1002, 'giname996', 'gidesc996', 1, '2017-08-07', '12:47:44'),
	(1003, 'giname997', 'gidesc997', 1, '2017-08-07', '12:47:44'),
	(1004, 'giname998', 'gidesc998', 1, '2017-08-07', '12:47:44'),
	(1005, 'giname999', 'gidesc999', 1, '2017-08-07', '12:47:44'),
	(1006, 'giname1000', 'gidesc1000', 1, '2017-08-07', '12:47:44'),
	(1007, '후룰루', '이상한일꾼', 3, '2017-08-14', '16:44:45'),
	(1008, '지훈오빠', '개잘함', 3, '2017-08-14', '16:59:37'),
	(1009, '유후', '후후', 3, '2017-08-14', '17:02:34'),
	(1013, 'dqwew', 'qwerwq', 3, '2017-08-18', '12:15:00'),
	(1014, 'ㄹㄹ', 'ㄹ', 2, '2017-09-07', '15:24:22'),
	(1015, 'ㅇㅇ', 'ㅇㅇ', 1, '2017-09-07', '16:31:32'),
	(1016, 'test01', 'test01', 2, '2017-09-07', '16:34:38'),
	(1017, 'test02', 'test02', 0, '2017-09-07', '17:21:46'),
	(1018, '22', '22', 1, '2017-09-07', '17:37:51'),
	(1019, 'test05', 'test05', 2, '20170908', '11:52:04'),
	(0, 'dwdqw', 'd', 3, '2017-09-11', '12:20:46'),
	(0, '123214', 'd', 3, '2017-09-11', '12::2:4:');
/*!40000 ALTER TABLE `goods_info_test` ENABLE KEYS */;

-- 테이블 iot.json_test 구조 내보내기
CREATE TABLE IF NOT EXISTS `json_test` (
  `jt_num` int(11) DEFAULT NULL,
  `jt_text` varchar(300) DEFAULT NULL
) ENGINE=InnoDB DEFAULT CHARSET=utf8;

-- 테이블 데이터 iot.json_test:~0 rows (대략적) 내보내기
DELETE FROM `json_test`;
/*!40000 ALTER TABLE `json_test` DISABLE KEYS */;
INSERT INTO `json_test` (`jt_num`, `jt_text`) VALUES
	(4, 'ㄹㅈㄷㄱ');
/*!40000 ALTER TABLE `json_test` ENABLE KEYS */;

-- 테이블 iot.user_info 구조 내보내기
CREATE TABLE IF NOT EXISTS `user_info` (
  `userNo` int(5) NOT NULL AUTO_INCREMENT,
  `userid` varchar(30) NOT NULL,
  `userpwd` varchar(100) NOT NULL,
  `username` varchar(100) NOT NULL,
  `age` int(1) NOT NULL,
  `address` varchar(200) NOT NULL,
  `hp1` char(4) DEFAULT NULL,
  `hp2` char(4) DEFAULT NULL,
  `hp3` char(4) DEFAULT NULL,
  `departnum` int(11) DEFAULT NULL,
  `userrolelevel` char(2) DEFAULT NULL,
  `gender` char(1) DEFAULT NULL,
  PRIMARY KEY (`userNo`),
  UNIQUE KEY `userid` (`userid`)
) ENGINE=InnoDB AUTO_INCREMENT=20 DEFAULT CHARSET=utf8;

-- 테이블 데이터 iot.user_info:~12 rows (대략적) 내보내기
DELETE FROM `user_info`;
/*!40000 ALTER TABLE `user_info` DISABLE KEYS */;
INSERT INTO `user_info` (`userNo`, `userid`, `userpwd`, `username`, `age`, `address`, `hp1`, `hp2`, `hp3`, `departnum`, `userrolelevel`, `gender`) VALUES
	(8, 's', 's', 's', 0, 's', '0', '0', '0', NULL, '1', '2'),
	(9, 'a', 'a', 'a', 0, 'a', '0', '0', '0', NULL, '10', '1'),
	(10, 'test01', '1', '일번', 40, '영등포', '010', '1234', '5678', NULL, '10', '1'),
	(11, 'test02', '2', '이번', 22, '서초구', '010', '2222', '2222', NULL, '10', '2'),
	(12, 'test03', '3', '삼번', 33, '용인초등학교', '010', '3333', '3333', NULL, '10', '1'),
	(13, 'test04', '4', '사번', 44, '삽교천', '010', '4444', '4444', NULL, '10', '2'),
	(14, 'test05', '5', '오번', 55, '오산', '010', '5555', '5555', NULL, '10', '1'),
	(15, 'test06', '6', '육번', 66, '육삼빌딩', '010', '6666', '6666', NULL, '10', '1'),
	(16, 'test07', '7', '칠번', 77, '칠갑산자연휴양림', '010', '7777', '7777', NULL, '10', '1'),
	(17, 'test08', '8', '팔번', 77, '팔라우', '010', '8888', '8888', NULL, '10', '2'),
	(18, 'test09', '9', '구번', 99, '구룡', '010', '9999', '9999', NULL, '10', '1'),
	(19, 'test10', '10', '십번', 99, '십리포해수욕장', '010', '1010', '1010', NULL, '10', '1');
/*!40000 ALTER TABLE `user_info` ENABLE KEYS */;

-- 테이블 iot.vender_info 구조 내보내기
CREATE TABLE IF NOT EXISTS `vender_info` (
  `vinum` int(11) NOT NULL AUTO_INCREMENT,
  `viname` varchar(200) NOT NULL,
  `videsc` varchar(300) NOT NULL,
  `viaddress` varchar(300) NOT NULL,
  `viphone` varchar(20) NOT NULL,
  `vidate` varchar(10) DEFAULT NULL,
  `vitime` varchar(10) DEFAULT NULL,
  PRIMARY KEY (`vinum`)
) ENGINE=InnoDB AUTO_INCREMENT=19 DEFAULT CHARSET=utf8;

-- 테이블 데이터 iot.vender_info:~16 rows (대략적) 내보내기
DELETE FROM `vender_info`;
/*!40000 ALTER TABLE `vender_info` DISABLE KEYS */;
INSERT INTO `vender_info` (`vinum`, `viname`, `videsc`, `viaddress`, `viphone`, `vidate`, `vitime`) VALUES
	(1, '고똥회사', '똑똑한개발자만다니는회사', '강남전체', '01010041004', '2017-08-04', '11:04:36'),
	(2, '신똥회사', '똑똑한웹디만다니는회사', '성남전체', '01011112222', '2017-08-04', '15:35:28'),
	(3, '혜진짱회사', '졸라큰회사', '한국전체', '01099999999', '2017-08-04', '15:56:25'),
	(4, '덩개회사', '덩개멍멍', '복정동', '0101234', '2017-08-16', '17:59:08'),
	(5, '샘회사', '천재들', '미쿡', '119', '2017-08-16', '17:59:44'),
	(6, '나마스테', '나마스카르', '노원구', '02123456', '2017-08-16', '18:20:01'),
	(7, '빈센트', '혜진짱남친', '오스트리아', '00012', '2017-08-16', '18:21:16'),
	(8, '공공칠공공', '전화해', '서울', '00700', '2017-08-16', '18:21:41'),
	(9, '백다방', '커피마시는곳', '서울', '100', '2017-08-16', '18:22:07'),
	(10, '왜날쳐다봐ㅇㅇ', '흐음ㅇㅇ', '허허허허허허ㅇㅇ', '0000', '2017-08-16', '18:22:28'),
	(11, '종이컵', '종이컵만드는곳', '아산', '21', '2017-08-16', '18:22:53'),
	(13, '닐니리맘보', '맘보맘보', '한솥', '321', '2017-08-17', '11:22:13'),
	(14, 'ff', 'ff', 'ff', 'fff', '2017-09-11', '15:22:39'),
	(15, 'hhhyu56', 'hh5u65u', 'hhhhh6u56', 'u56u56u', '2017-09-11', '15:24:14'),
	(16, 'huyh', 'hhh', 'hhhytur', 'eyterte4t', '2017-09-11', '15:33:49'),
	(17, '1212', '3123', '3124124', '31241241231', '2017-09-11', '15:34:01');
/*!40000 ALTER TABLE `vender_info` ENABLE KEYS */;

-- 테이블 iot.vender_info_test 구조 내보내기
CREATE TABLE IF NOT EXISTS `vender_info_test` (
  `vinum` int(11) NOT NULL DEFAULT 0,
  `viname` varchar(200) NOT NULL,
  `videsc` varchar(300) NOT NULL,
  `viaddress` varchar(300) NOT NULL,
  `viphone` varchar(20) NOT NULL,
  `vidate` varchar(10) DEFAULT NULL,
  `vitime` varchar(10) DEFAULT NULL
) ENGINE=InnoDB DEFAULT CHARSET=utf8;

-- 테이블 데이터 iot.vender_info_test:~12 rows (대략적) 내보내기
DELETE FROM `vender_info_test`;
/*!40000 ALTER TABLE `vender_info_test` DISABLE KEYS */;
INSERT INTO `vender_info_test` (`vinum`, `viname`, `videsc`, `viaddress`, `viphone`, `vidate`, `vitime`) VALUES
	(1, '고똥회사', '똑똑한개발자만다니는회사', '강남전체', '01010041004', '2017-08-04', '11:04:36'),
	(2, '신똥회사', '똑똑한웹디만다니는회사', '성남전체', '01011112222', '2017-08-04', '15:35:28'),
	(3, '혜진짱회사', '졸라큰회사', '한국전체', '01099999999', '2017-08-04', '15:56:25'),
	(4, '덩개회사', '덩개멍멍', '복정동', '0101234', '2017-08-16', '17:59:08'),
	(5, '샘회사', '천재들', '미쿡', '119', '2017-08-16', '17:59:44'),
	(6, '나마스테', '나마스카르', '노원구', '02123456', '2017-08-16', '18:20:01'),
	(7, '빈센트', '혜진짱남친', '오스트리아', '00012', '2017-08-16', '18:21:16'),
	(8, '공공칠공공', '전화해', '서울', '00700', '2017-08-16', '18:21:41'),
	(9, '백다방', '커피마시는곳', '서울', '100', '2017-08-16', '18:22:07'),
	(10, '왜날쳐다봐ㅇㅇ', '흐음ㅇㅇ', '허허허허허허ㅇㅇ', '0000', '2017-08-16', '18:22:28'),
	(11, '종이컵', '종이컵만드는곳', '아산', '21', '2017-08-16', '18:22:53'),
	(13, '닐니리맘보', '맘보맘보', '한솥', '321', '2017-08-17', '11:22:13');
/*!40000 ALTER TABLE `vender_info_test` ENABLE KEYS */;

/*!40101 SET SQL_MODE=IFNULL(@OLD_SQL_MODE, '') */;
/*!40014 SET FOREIGN_KEY_CHECKS=IF(@OLD_FOREIGN_KEY_CHECKS IS NULL, 1, @OLD_FOREIGN_KEY_CHECKS) */;
/*!40101 SET CHARACTER_SET_CLIENT=@OLD_CHARACTER_SET_CLIENT */;
